Count,In-degree,Out-degree
1,2,1
1,0,1
1,1,1
1,0,1
1,1,0
2,2,1
1,0,1
1,0,2
1,1,1
1,5,2
1,1,0
1,0,1
1,1,0
1,68,88
1,7,3
1,1,0
1,0,1
1,2,2
1,0,1
1,1,0
1,1,2
1,1,1
1,78,98
1,1,0
1,0,1
1,2,2
1,7,3
1,305,290
2,0,1
1,4,4
1,1,0
1,0,1
1,4,4
2,1,0
3,0,1
2,1,0
1,0,1
1,1,1
1,1,0
3,0,1
1,1,1
1,2,1
1,1,0
1,0,1
1,3,1
1,1,1
1,0,1
1,1,2
1,4,5
2,1,0
1,2,7
1,1,2
1,0,3
1,1,0
1,2,2
1,0,2
2,1,0
1,0,1
1,4,5
1,1,0
1,2,2
1,1,4
1,544,560
2,0,1
1,0,2
3,0,1
1,5,7
1,5,2
1,7,10
1,1,0
2,0,1
1,0,3
1,0,1
1,5,7
1,1003,1048
1,4,4
1,0,2
1,1,0
1,1,2
1,1,0
1,1,1
1,1,0
1,0,1
3,2,1
1,0,1
2,1,0
1,4,7
1,0,2
1,0,1
1,2,1
1,0,3
1,1,1
2,0,1
1,1,1
1,1,0
1,2,0
1,9,4
1,20,18
1,1,0
1,2,1
1,28,24
2,1,0
1,0,1
1,1,3
1,2,1
1,0,1
1,5,7
1,0,1
1,4,5
1,0,1
2,0,2
1,3,2
1,0,2
1,5,1
1,2,0
1,4,3
2,0,1
1,4,3
1,0,2
1,1,1
1,0,1
1,1,0
1,4,3
1,0,1
1,1,2
2,1,0
1,0,2
1,8,13
1,1,0
2,0,1
3,1,0
1,0,2
1,4,3
1,25,20
2,0,1
1,2,0
1,0,1
1,2,0
2,0,1
1,2,0
1,0,1
1,1,2
2,1,0
1,4,7
2,0,1
1,2,2
1,1,0
1,0,1
1,4,4
1,0,1
1,1,0
1,12,5
3,0,1
1,1,0
1,2,2
1,0,1
1,4,5
1,1,2
1,0,1
1,1,2
1,1,0
1,9,14
1,0,2
1,3,1
1,5,5
2,1,0
1,2,2
1,1,0
1,4,3
1,1,0
1,34,41
1,2,2
1,0,1
1,1,0
1,4,5
1,1,0
2,0,1
1,0,5
1,1,0
1,0,1
1,1,0
1,1,2
1,1,1
1,1,2
1,0,1
1,1,0
1,2,1
4,0,1
1,5,1
1,1,0
1,0,5
1,1,0
1,0,2
1,0,1
1,0,3
1,2,2
1,3,4
1,0,1
2,1,0
1,0,1
1,66,69
1,1,0
1,0,1
1,1,2
1,1,0
1,5,1
1,10,9
1,2,1
1,0,1
1,15,9
2,1,0
4,0,1
2,1,0
1,2,1
1,0,1
1,2,0
1,1,0
1,0,1
1,2,2
1,0,1
1,1,1
1,2,2
1,1,1
1,1,2
1,1,0
1,2,1
1,1,0
1,1,1
1,0,1
1,5,1
1,1,1
3,1,0
1,0,1
2,1,0
2,3,1
4,1,0
1,5,1
1,1,0
1,0,1
1,49,56
1,0,2
1,0,1
1,1,0
1,1,1
1,12,16
1,4,3
2,1,0
1,2,1
2,0,1
1,0,2
1,2,1
1,1,1
1,1,0
1,0,3
1,0,1
1,0,2
1,0,1
1,7,3
1,2,1
1,0,1
1,1,0
1,0,1
1,1,0
1,1,2
1,1,0
1,0,1
1,1,1
1,0,1
1,10,9
1,1,1
1,1,0
1,2,1
1,4,3
1,1,2
1,0,1
2,1,0
1,2,0
1,0,2
2,1,0
1,0,1
2,1,0
5,0,1
1,0,2
3,1,0
1,0,3
1,4,4
1,0,1
1,1,1
1,0,1
1,3,4
1,0,1
1,4,3
1,1,2
1,1,0
1,8,13
3,0,1
3,1,0
1,2,1
1,18,14
1,0,1
1,1,0
1,4,5
1,5,2
3,0,1
1,1,0
1,2,1
1,0,3
2,1,0
1,0,1
1,1,3
1,1,0
1,2,2
1,1,1
1,3,2
1,1,2
1,1,0
2,0,1
1,1,2
1,2,2
1,3,1
1,4,3
3,1,0
2,0,1
1,5,1
1,6,3
1,1,0
2,0,1
1,1,0
1,6,3
1,2,7
1,1,4
1,0,1
2,1,0
1,0,2
1,1,0
1,0,1
1,1227,1188
1,1,0
1,0,1
1,3,1
1,1,1
1,0,1
1,49,56
1,5,2
1,0,2
1,1,1
1,0,1
1,2,0
1,1,2
1,1,1
1,1003,1048
2,0,1
1,3,1
2,0,1
1,5,2
2,0,1
1,1,0
1,0,1
1,5,1
1,5,5
1,0,1
1,1,2
1,1,0
1,0,1
1,1,2
1,1,0
1,4,4
1,1,0
1,2,1
1,0,1
1,1,1
1,0,1
1,4,3
1,0,1
1,3,1
1,0,1
2,1,0
1,1,2
1,0,1
1,1,2
1,1,1
1,0,1
1,5,5
1,1,0
1,3,0
1,1,0
1,2,0
4,1,0
3,0,1
1,4,4
1,1,0
1,1,2
1,0,1
1,205,196
1,0,1
1,2,2
2,1,0
1,1227,1188
2,3,2
1,2,2
1,9,14
1,1,0
1,14,11
1,0,1
1,1,0
1,4,3
1,0,1
3,1,1
1,1,0
1,0,1
2,1,0
1,0,1
1,4,5
1,1,1
1,2,2
1,0,1
1,4,5
1,0,2
1,1309,1364
1,6,3
1,0,1
1,1,0
1,2,1
1,0,1
1,0,3
1,1,0
1,0,1
1,1,1
1,1,0
1,0,1
2,1,0
1,0,2
1,1,0
2,0,1
1,1,0
1,0,1
1,1,0
1,0,1
1,1,0
1,0,1
1,3,1
1,0,1
1,1,0
1,5,2
1,1,2
3,1,0
2,0,1
1,1,1
1,0,1
2,1,0
3,0,1
1,1,0
1,1,2
1,0,1
1,2,0
1,1,2
1,1,0
1,9,4
1,1,3
1,0,2
1,2,2
1,0,1
1,2,1
1,1,1
1,1,0
2,0,1
2,1,0
1,0,1
1,1,0
2,0,1
2,1,0
1,25,20
1,1,0
1,0,1
1,5,2
1,1,0
2,0,1
1,7,3
1,5,5
1,3,2
1,2,1
1,0,2
1,2,1
1,0,1
1,1,0
1,0,1
1,5,5
1,10,9
1,0,2
1,1,0
1,4,4
1,1,0
1,0,2
2,1,0
1,0,1
1,5,1
1,0,1
1,3,2
1,0,5
1,1,0
1,18,14
1,1,2
1,4,3
2,0,1
1,1,0
1,0,1
1,1,0
1,0,5
1,0,1
1,2,1
1,0,1
1,1,1
1,2,2
1,1,2
1,1,0
1,1,2
1,0,1
3,1,0
1,2,0
1,0,2
1,0,1
1,1,0
1,1,1
1,2,1
1,5,2
2,0,1
3,1,0
1,1,1
3,0,1
3,1,0
1,0,2
1,0,3
1,1,0
1,0,1
2,1,0
2,0,1
1,1,3
1,3,0
1,1,1
1,0,1
1,0,2
1,0,1
1,3,4
1,305,290
1,1,0
1,1,2
1,1,0
2,0,1
1,1,0
1,0,1
1,1,0
1,2,2
1,2,0
5,0,1
1,1,1
2,1,0
1,0,2
1,0,3
2,0,1
1,1,0
1,1,2
1,165,150
1,2,1
2,1,0
1,1,1
1,0,1
1,1,2
1,1,0
1,1309,1364
1,10,9
1,1,1
1,9,14
1,0,1
1,1,0
1,1,2
1,1,1
1,1,0
2,0,1
1,1,0
1,2,2
1,4,4
1,1,1
1,1,0
1,4,3
1,2,1
1,0,1
1,1,0
1,0,1
1,1,1
2,0,1
2,1,0
1,0,1
1,3,1
1,1,0
1,0,1
1,0,3
1,1,1
2,0,1
2,1,0
1,72,64
1,0,1
1,2,0
1,14,11
1,1,0
1,0,2
1,1,1
1,1,0
1,2,1
1,1,0
1,4,4
1,1,0
1,0,1
1,2,0
1,0,5
1,7,3
3,0,1
1,1,0
1,2,2
1,1,1
1,0,1
1,1,0
1,0,1
1,5,2
1,0,1
1,1,3
2,0,1
2,1,0
1,0,2
2,1,0
3,0,1
1,5,1
1,0,1
1,2,0
1,1,1
1,0,2
1,0,1
1,1,0
1,1,1
1,1,0
1,0,1
1,1,0
1,4,5
1,1,0
4,0,1
2,1,1
1,1,2
1,4,3
1,0,1
1,1,0
2,0,1
1,2,1
3,0,1
1,1,0
1,68,88
1,1,1
1,0,1
1,0,2
1,0,1
1,1,0
1,0,1
1,0,2
1,0,1
1,9,4
1,1,2
3,0,1
1,2,1
1,5,7
2,0,1
1,1,0
1,3,1
3,0,1
1,3,2
4,0,1
1,28,24
1,1,0
2,0,1
1,1,0
1,0,1
1,0,3
1,5,5
1,1,0
3,0,1
1,1,0
1,3,2
1,4,4
1,0,1
1,0,2
2,0,1
1,6,3
1,0,2
1,0,1
1,1,0
1,44,30
1,0,1
1,1,0
1,16,28
5,1,0
1,3,1
1,8,13
2,1,0
1,1,1
1,0,1
1,5,2
1,3,2
1,1,0
1,2,2
4,0,1
1,5,7
1,0,1
1,1,0
1,3,2
1,0,1
1,0,5
1,0,1
1,2,2
1,1,1
1,0,1
1,1,0
1,12,5
1,1,0
1,10,9
1,0,1
1,1,0
1,0,1
1,1,0
1,0,1
1,1,0
2,0,1
1,1,0
2,0,1
1,1,1
1,25,20
2,1,0
1,3,1
5,1,0
1,1,2
1,18,14
1,4,4
1,4,3
1,0,2
1,0,1
1,5,2
2,1,0
1,0,2
1,1,0
1,1,1
1,1,4
3,1,0
1,1,1
1,3,1
3,1,0
1,7,3
1,2,1
2,1,0
1,0,1
1,0,3
1,1,1
3,1,0
1,2,1
1,0,3
1,20,18
1,0,1
1,0,2
2,0,1
1,2,7
1,1,0
1,3,1
1,0,1
1,3,2
1,0,2
2,0,1
1,2,1
1,14,11
1,0,3
1,3,0
2,1,0
1,2,2
1,1,1
1,1,0
1,2,0
1,1,0
2,0,2
1,2,0
1,1,2
1,1,0
1,2,1
1,3,1
1,1,1
1,1,0
1,0,1
1,1,2
1,0,1
2,1,0
1,1,2
1,3,1
1,1340,1333
1,0,1
1,1,0
1,9,4
2,0,1
1,1,0
1,44,30
1,20,18
1,1,0
1,0,1
1,1,0
1,2,2
1,0,1
3,1,0
2,0,1
1,1,0
1,0,2
6,1,0
1,4,3
1,1,0
1,1,2
1,7,3
1,0,2
1,0,1
1,49,56
2,1,1
1,1,0
1,2,2
3,1,0
1,2,7
3,1,0
1,0,3
1,0,2
1,1,0
1,0,1
1,3,1
1,21,22
1,1,1
2,0,1
1,1,0
3,0,1
1,2,2
1,1,0
1,0,1
1,2,2
1,1,0
1,9,14
1,0,2
1,0,1
1,5,1
1,6,3
1,14,11
1,0,1
1,2,1
1,0,1
1,12,16
1,5,5
1,0,1
1,1,0
1,3,0
1,0,1
1,1,0
1,1,2
1,0,2
1,2,2
1,68,88
1,1,0
1,0,5
1,0,1
1,246,251
2,1,0
1,0,1
1,1,0
1,2,1
1,0,2
2,1,1
1,1,0
1,34,41
1,3,1
1,1,0
1,0,1
1,21,22
2,0,1
2,1,0
1,0,1
1,1,0
1,0,1
1,1,2
1,1,0
1,1,1
1,2,2
1,0,1
1,1,1
1,1,0
1,1,2
1,1,1
1,3,1
1,1,0
1,0,1
1,1,0
1,0,1
1,0,2
3,1,0
1,2,2
2,0,1
1,3,1
1,1,1
1,4,5
1,2,1
3,0,1
1,1,2
1,1,0
1,0,3
1,1,2
1,246,251
1,2,2
1,3,0
1,0,1
1,2,2
1,1,2
3,1,0
1,2,0
1,0,2
1,12,5
1,2,2
1,12,5
1,3,1
1,0,1
1,3,4
2,1,0
1,2,1
3,0,1
1,1,0
1,28,24
1,0,2
1,1,0
1,16,13
1,0,1
1,1,1
1,1,0
1,4,4
1,78,98
1,2,0
1,0,3
1,66,69
1,0,2
1,0,1
1,0,3
1,1,1
2,1,0
1,15,9
2,0,1
1,0,5
1,15,9
1,66,69
1,1,4
1,2,2
1,0,1
1,0,2
1,1,0
1,0,1
1,1,0
1,1,1
1,12,16
1,3,2
1,0,1
1,2,1
1,0,1
1,1,1
3,1,0
1,0,1
1,3,1
1,0,1
2,1,0
1,0,2
1,4,4
1,0,1
1,5,2
2,0,2
1,0,1
1,1,0
1,1,2
1,0,1
1,0,2
1,1,0
1,0,2
2,1,0
1,2,1
1,0,1
1,1,4
1,2,1
1,2,2
1,21,22
1,7,10
2,0,1
1,1,0
1,2,1
2,1,0
1,0,1
1,2,0
1,14,11
2,0,1
1,2,0
1,0,1
1,1,0
1,2,1
1,0,1
1,1,0
1,0,1
1,20,18
2,1,0
1,5,2
1,3,0
1,2,0
3,2,1
4,1,0
3,0,1
1,1,0
1,3,1
1,5,5
1,1,0
1,0,1
1,25,20
1,1,0
1,1,1
2,0,1
1,1,4
1,1,0
1,2,1
2,1,0
1,4,4
1,0,1
1,0,2
1,2,0
1,16,28
1,1,0
1,49,56
2,1,0
1,0,1
2,1,0
1,2,2
2,1,0
1,5,1
1,1,0
1,2,1
1,0,1
1,2,1
1,3,1
1,0,3
1,1,0
1,0,1
1,3,1
3,1,0
1,16,13
2,0,1
1,2,1
1,1,0
2,0,1
1,5,2
1,1,1
2,1,0
1,16,28
1,5,5
1,1,0
1,33,34
1,0,1
1,34,41
1,1,0
1,1,1
1,0,1
1,1,0
1,0,3
3,1,0
1,0,1
1,1,0
1,1,2
1,1,0
1,2,2
1,2,7
1,38,32
1,1,1
1,1,0
3,0,1
1,0,2
1,2,1
1,0,1
1,4,7
1,1,1
1,3,1
1,0,1
1,0,2
1,4,3
1,1,1
2,0,1
1,1,0
1,2,0
1,1,0
1,38,32
1,3,2
1,0,1
1,1,0
1,5,5
1,0,1
1,1,1
1,1,0
1,3,1
1,1,2
1,1,3
2,0,1
1,0,2
1,1,0
1,0,2
1,1,0
1,1,1
1,118,122
1,1,0
1,4,7
2,1,0
2,0,1
1,3,2
1,78,98
2,1,0
1,0,1
1,1,2
1,1309,1364
1,1,2
1,1,4
2,0,1
1,1,0
1,2,2
1,0,2
1,0,1
2,1,0
1,0,3
1,1,2
1,1,1
1,1,0
1,1,1
1,1,0
1,1,1
2,0,1
1,1,0
1,0,5
1,1,0
1,5,2
1,0,3
2,1,0
1,0,2
1,1,0
1,0,1
2,1,0
1,0,1
1,2,1
1,0,1
1,1,0
1,4,4
2,1,0
1,0,1
2,1,0
1,66,69
1,0,1
1,1,0
1,15,9
1,4,3
1,1,1
1,18,14
1,1,0
1,0,1
1,2,1
1,0,1
1,0,2
1,33,34
1,3,4
1,9,4
2,1,0
1,1,2
1,1,0
1,0,1
1,1,0
1,0,1
2,1,0
1,0,1
1,2,7
1,1,0
1,3,1
1,117,98
1,2,0
1,16,28
1,5,7
1,1,0
1,2,0
1,0,1
1,1,0
1,0,1
3,1,0
1,0,1
2,1,0
1,0,1
1,1,0
1,1,3
2,1,0
1,0,1
1,6,3
1,1,0
1,4,4
1,0,1
1,3,1
1,0,1
1,1,0
1,0,1
1,1,0
1,68,88
1,7,10
1,5,5
1,3,4
4,1,0
1,5,7
1,4,3
1,1,0
1,5,1
1,0,1
1,1,4
1,0,1
1,1,0
1,1,2
1,1,1
1,0,1
2,1,0
1,0,1
1,1,1
1,3,2
1,20,18
1,2,2
1,1,0
1,0,1
3,1,0
2,0,1
1,3,4
1,1,0
1,0,1
2,2,2
2,0,3
1,1,0
1,28,24
1,5,2
1,0,2
1,2,0
1,1,0
1,2,1
1,1,2
1,4,3
1,3,0
2,1,0
1,2,0
1,1,0
1,1,1
1,1,0
1,3,1
1,1,0
1,0,2
1,1,0
1,2,0
1,1,0
1,1,2
1,1,0
1,4,4
1,1,0
1,12,16
1,2,1
1,1,0
1,0,1
1,2,0
1,1,0
1,1,2
1,3,1
3,1,0
1,0,1
1,2,2
1,0,1
2,1,0
1,2,1
1,1,0
1,2,0
1,0,1
1,9,14
1,1,0
3,0,1
1,1,2
1,4,5
1,18,14
1,12,16
2,1,2
2,0,1
2,1,0
1,0,1
1,38,32
2,0,1
1,34,41
1,0,3
1,1,0
1,2,0
1,1,0
3,0,1
1,1,0
1,0,2
1,3,1
2,1,0
2,0,1
1,25,20
1,21,22
1,1,0
1,2,1
1,1,1
1,0,1
1,1,0
1,3,1
1,1,2
1,0,1
1,1,1
2,0,1
2,1,0
1,1,1
1,1,0
1,38,32
1,21,22
2,1,0
1,2,2
1,1,0
1,769,779
1,0,1
1,0,2
1,0,1
2,1,0
2,0,1
1,1,1
1,0,3
1,0,1
1,1,2
1,4,3
1,16,13
1,0,1
1,16,13
1,21,22
1,15,9
1,1,0
1,33,34
2,1,0
1,0,1
1,2,2
1,1,0
1,0,1
1,2,7
1,25,20
2,1,0
1,0,1
1,1,2
1,1,0
1,1,4
1,0,2
1,0,1
1,1,0
1,0,1
2,1,0
2,0,1
1,1,0
1,2,2
1,0,1
1,1,3
1,0,3
1,0,1
1,1,0
1,4,3
1,1,0
1,3,1
1,4,5
1,0,2
1,0,1
1,0,5
2,1,0
1,0,1
1,1,1
1,1,0
1,68,88
1,0,2
1,4,3
1,0,1
1,1,1
2,0,1
1,1,0
1,3,1
1,1,2
1,1,0
1,1,2
1,165,150
1,0,2
2,0,1
1,3,4
1,1,1
2,0,1
1,1,1
1,3,0
2,0,1
1,3,1
1,1,2
2,0,1
1,0,5
1,1,1
1,1,0
1,0,1
1,1,0
1,0,1
1,1,0
1,0,1
1,1,4
1,1,0
1,1,1
2,0,1
1,1,0
1,1,1
1,1,0
1,0,1
1,2,1
1,3,1
1,16,28
1,0,1
1,2,2
1,6,3
1,1,0
1,2,7
1,4,5
1,1,1
1,0,1
1,4,3
1,1,1
1,34,41
1,1,0
3,0,1
1,3,1
1,7,3
1,0,1
1,2,1
1,1,0
1,1,1
1,1,2
1,2,2
1,1,1
1,0,1
1,305,290
1,3,2
1,0,1
1,4,5
3,0,1
1,5,2
1,1,0
1,2,0
1,1,1
1,2,1
1,1,0
1,0,1
1,3,4
1,7,3
1,1,0
1,1,1
1,0,2
1,0,1
1,0,3
1,1,0
1,0,1
1,2,1
1,0,1
1,0,3
1,0,1
1,2,1
1,0,1
1,4,5
1,0,1
3,1,0
1,8,13
2,1,0
1,2,2
1,15,9
1,0,2
1,1,1
2,1,0
1,4,3
1,0,1
1,1,0
1,12,5
1,0,1
1,3,1
1,1,0
2,1,2
1,0,1
1,4,5
1,7,10
1,2,1
1,0,3
1,1,0
1,2,0
3,1,0
1,0,1
1,0,3
1,4,5
1,0,1
2,1,0
1,9,4
1,1,0
1,16,28
2,0,1
1,1003,1048
1,4,7
1,1,0
1,0,1
1,1,4
1,4,3
1,0,1
1,5,2
2,0,1
1,1,2
1,1,0
1,28,24
1,2,1
2,0,1
1,2,1
1,1,0
3,0,1
2,1,0
2,0,1
1,1,0
1,0,1
1,2,1
2,0,1
1,1,0
1,16,28
1,0,2
1,2,1
1,9,14
1,3,1
1,9,4
1,0,1
1,5,5
1,1,0
1,0,1
1,1,0
1,1,2
1,2,1
1,2,2
1,2,1
1,1,1
1,8,13
1,0,1
1,5,1
2,1,0
1,7,3
1,72,64
1,1,0
3,0,1
2,1,0
1,0,1
1,2,1
1,0,1
1,4,3
3,0,1
1,1,0
1,49,56
1,1,0
1,0,1
1,1,0
1,2,2
1,0,3
1,72,64
1,0,1
1,1,2
1,1,0
1,5,1
1,7,3
1,0,5
1,0,1
1,0,2
1,0,1
1,1,0
1,0,1
1,1,0
1,3,4
1,1,0
1,0,1
1,9,14
1,0,1
1,0,2
1,1,0
1,33,34
1,0,1
1,1,1
1,205,196
1,0,2
1,2,1
1,0,1
2,1,0
1,5,5
2,1,0
1,0,1
1,2,1
1,1,3
1,2,1
1,0,3
1,1,1
1,0,1
1,1,4
1,1,0
1,0,2
1,3,1
1,1,0
2,0,1
1,3,1
1,0,1
1,2,2
1,0,1
2,1,1
1,5,2
1,0,1
1,1,0
1,0,1
1,21,22
1,2,1
1,66,69
1,20,18
1,1,2
2,0,1
1,1,2
4,1,0
1,0,1
1,1,1
1,1,0
1,3,0
1,2,2
1,1,0
1,0,3
1,1,0
1,4,3
1,7,10
1,1,1
2,1,0
1,18,14
1,3,1
1,1,1
1,0,1
1,3,2
1,1,0
2,0,1
3,1,0
1,2,2
2,0,1
1,5,7
1,1,0
3,0,1
1,1,0
1,0,2
1,1,0
1,1,1
2,0,1
1,0,3
1,1,0
1,0,1
1,2,1
1,2,0
1,1,3
4,0,1
2,0,2
1,3,0
1,3,2
1,113,131
1,3,4
1,4,3
1,0,1
1,1,3
1,1,0
1,3,1
5,0,1
2,1,0
1,2,2
1,2,1
2,0,1
1,2,0
2,0,1
1,1,0
1,2,0
3,1,0
1,0,1
1,3,0
1,8,13
2,1,0
1,0,1
1,4,5
1,2,2
1,1,1
1,3,1
1,1,1
1,0,1
1,1,0
1,1,2
1,28,24
1,1,0
1,2,1
1,3,1
1,0,3
1,1,0
1,2,0
1,0,1
1,165,150
1,0,1
2,1,0
1,10,9
2,1,0
1,1,2
3,1,0
1,0,1
1,1,1
1,0,2
1,0,1
1,4,5
1,1,0
1,7,3
1,0,2
1,1,0
1,1,2
1,2,7
1,1,1
1,0,5
2,1,0
1,0,1
2,1,0
1,0,1
1,1,0
1,0,1
1,1,0
1,0,2
1,1,1
1,1,0
1,0,1
3,1,0
1,0,1
1,1,0
1,2,2
1,0,1
1,1,0
2,0,1
1,1,0
1,0,1
1,1,1
1,2,1
1,1,3
1,7,3
1,0,3
1,0,1
3,1,0
1,2,0
1,3,1
1,0,3
1,3,1
1,0,1
2,1,0
1,5,5
1,0,1
1,12,16
3,1,0
5,0,1
1,1,2
1,1,0
1,0,1
1,1,1
1,4,3
1,0,1
1,2,2
1,1,0
1,0,2
1,0,1
1,1,0
1,10,9
2,1,0
2,0,2
1,66,69
2,0,1
1,5,1
1,2,2
1,1,0
1,3,1
1,0,1
1,1,0
1,38,32
1,117,98
1,9,14
1,2,2
1,0,1
2,1,0
2,0,1
2,1,0
1,0,1
1,1,0
1,0,1
1,1,0
1,2,1
1,0,1
2,1,1
1,2,2
1,0,2
1,0,1
1,1,0
1,1,1
1,0,3
1,1,1
1,2,2
1,1,0
1,0,1
2,2,1
1,0,1
1,1,1
1,3,1
1,2,2
1,0,5
1,1,1
1,1,0
1,0,1
1,6,3
1,2,1
1,0,1
2,1,0
1,1,2
1,2,1
1,3,4
2,1,0
1,0,1
1,1,0
1,0,1
1,5,2
1,1,1
1,1,0
1,2,0
1,15,9
1,1,0
2,0,1
1,3,2
1,1,2
3,0,1
1,1,1
1,1,0
2,0,1
1,4,4
1,1,1
1,7,3
2,1,0
1,0,1
1,1,0
1,2,2
4,0,1
2,1,0
1,5,1
1,2,2
1,4,5
1,0,2
1,1,1
1,1,0
1,0,1
1,0,3
1,2,1
3,1,0
1,2,1
1,0,1
1,7,10
1,0,1
1,2,1
1,1,0
1,15,9
1,0,1
1,2,2
1,0,1
2,1,0
2,0,1
1,0,2
1,1,0
3,0,1
1,1,0
1,3,0
1,1,0
1,5,5
1,0,1
1,18,14
1,14,11
1,1,0
1,1,3
1,1,0
1,0,1
1,1,0
1,1,4
1,1,0
1,10,9
1,5,7
1,0,1
1,1,0
1,0,1
1,20,18
1,4,4
1,1,0
1,38,32
1,4,5
1,0,1
1,5,2
2,0,2
1,2,1
3,1,0
1,5,2
2,0,1
1,3,1
1,2,1
1,0,1
1,12,5
1,7,3
1,2,2
1,0,1
1,1,2
1,0,1
1,4,3
1,4,7
1,1,1
1,0,1
1,1,1
1,1,0
1,2,2
1,2,0
3,0,1
1,1,0
1,1,1
1,0,1
1,2,1
1,3,1
1,0,2
1,0,1
1,1,1
1,34,41
1,3,2
1,2,2
3,0,1
1,0,2
1,1,1
1,1,0
1,1,1
1,1,0
1,3,0
2,1,0
1,3,1
1,1,0
1,1,2
1,0,1
1,5,2
1,0,1
2,1,0
1,0,2
1,1,1
2,1,0
2,2,2
1,0,2
1,14,11
1,1,0
1,3,1
1,10,9
1,2,1
1,1,0
2,0,1
1,1,0
1,0,1
1,1,0
1,16,13
1,0,1
1,2,2
1,1,0
1,4,3
1,20,18
1,3,1
1,2,1
4,1,0
1,0,1
1,0,3
1,0,1
1,1,0
1,4,7
1,18,14
1,1,0
1,0,1
1,5,2
3,0,1
1,2,0
1,0,2
1,1,0
1,12,5
1,0,2
2,0,1
1,1,0
1,0,1
1,2,1
1,1,0
1,0,1
1,1,0
1,2,1
1,0,1
1,2,1
2,1,0
1,1,2
1,2,1
1,0,1
1,21,22
1,0,1
1,0,3
1,1,0
2,0,1
2,1,0
1,0,3
1,0,1
1,1,0
1,5,2
1,1,0
1,4,5
1,2,1
1,7,10
1,0,1
1,6,3
1,2,0
1,28,24
1,2,7
1,1,2
1,0,1
1,5,1
1,0,3
1,2,2
1,0,1
2,1,0
1,66,69
1,1,2
1,3,1
1,0,1
1,2,2
1,1,1
1,1,0
1,2,1
1,0,1
2,1,0
3,0,1
1,0,2
1,0,1
1,1,0
1,1,2
1,1,0
2,0,1
1,1,0
1,2,0
1,4,4
1,0,1
1,1,1
1,1,0
1,0,3
1,9,4
1,1,0
3,0,1
1,1,0
1,0,1
1,1,0
1,9,14
1,4,7
1,3,0
1,0,1
2,1,0
1,2,1
1,0,1
1,12,5
2,1,0
1,18,14
4,1,0
1,2,2
1,1,0
1,0,1
3,1,0
1,0,1
1,1,0
1,1,2
1,2,2
1,2,1
2,1,0
3,0,1
1,1,0
1,2,0
2,0,1
1,1,1
1,2,7
1,0,2
1,4,5
1,2,1
1,3,1
1,0,1
1,1,0
1,0,5
2,1,0
1,1,2
1,0,1
1,1,0
1,1,1
1,1,0
1,0,1
1,1,0
1,0,1
1,118,122
2,0,1
2,1,0
4,0,1
1,1,0
1,3,0
2,1,0
1,1,1
1,4,3
1,3,4
1,1,0
1,0,1
1,1,0
1,2,2
1,0,1
1,1,0
1,165,150
1,1,0
1,0,1
1,33,34
1,0,1
1,0,5
1,0,1
1,5,7
3,1,0
1,1,1
1,1,0
1,1,1
1,0,2
1,117,98
1,0,2
1,1,0
2,0,1
1,10,9
1,2,0
1,1,1
2,1,0
1,0,1
2,1,0
2,0,1
2,1,0
1,2,0
3,1,0
1,2,7
1,1,0
1,1,1
1,0,2
1,2,1
1,0,2
1,3,2
1,1,2
1,4,3
3,1,0
1,4,5
1,18,14
3,0,1
1,1,0
1,1,2
1,1,0
1,0,1
1,18,14
1,0,1
1,1,2
1,1,0
1,16,13
1,4,4
1,1,1
1,0,3
1,1,1
1,6,3
1,3,1
1,0,1
1,3,2
1,1,0
1,0,1
1,2,0
1,0,2
1,1,0
1,3,2
1,0,5
1,1,0
1,3,2
2,0,1
1,2,0
1,5,1
1,1,0
1,0,2
1,0,1
1,3,0
1,4,3
1,16,13
1,1,2
1,0,1
1,1,0
1,0,2
1,1,0
2,1,1
1,0,2
1,4,7
1,246,251
1,1,0
1,5,2
1,0,1
2,1,0
1,0,3
4,0,1
1,1,0
1,2,1
1,1,0
1,0,1
1,2,1
1,33,34
1,2,1
1,0,1
3,1,0
1,305,290
1,1,1
1,1,2
1,0,2
1,5,7
1,3,4
1,0,1
1,2,1
1,1,0
1,4,4
1,2,1
1,0,1
2,1,0
1,4,4
1,2,2
1,1,0
1,2,7
1,3,0
1,1,0
1,4,5
1,1,0
2,0,1
1,2,0
1,1,0
1,44,30
1,5,1
2,1,1
1,5,2
1,0,1
1,1,0
1,1,1
2,1,0
1,0,1
1,3,4
1,2,1
1,2,0
1,0,1
3,1,0
1,0,2
1,4,5
1,0,1
1,4,3
1,1,0
1,4,3
1,0,1
2,1,0
1,1,1
3,0,1
1,0,3
1,68,88
1,1,0
1,2,0
1,1,0
2,0,1
4,1,0
3,0,1
1,2,1
1,1,0
1,4,4
1,2,1
1,1,0
1,34,41
1,1,1
1,2,2
3,1,0
1,0,3
1,1,4
2,2,1
1,446,437
1,8,13
1,12,5
2,1,0
1,0,1
1,1,0
1,5,7
1,0,1
1,1,0
1,0,3
1,0,2
2,1,0
1,18,14
1,2,1
1,0,1
2,1,0
1,0,2
1,2,1
1,0,1
1,1,2
1,0,1
1,1,0
2,0,1
1,1,0
1,7,10
1,4,3
1,0,1
1,68,88
1,7,3
1,1,0
3,0,1
1,1,0
2,0,1
1,165,150
1,1,0
1,0,1
1,1,0
1,0,1
1,1,0
2,0,1
2,1,0
1,4,5
1,0,1
1,5,2
1,0,1
1,544,560
1,0,1
1,1,0
1,0,1
1,20,18
1,5,2
3,0,1
2,1,0
1,0,1
1,2,2
1,3,0
1,1,2
1,1,0
1,34,41
1,1,0
1,0,1
1,1,0
1,1,1
1,2,2
1,0,1
1,1,0
1,246,251
2,0,1
1,1,2
1,1,0
1,0,1
1,1,0
1,305,290
2,1,0
1,4,3
1,2,0
1,1,0
1,1,1
1,3,1
2,0,1
2,1,0
1,118,122
1,3,4
2,1,0
1,2,2
1,1,0
1,0,1
1,1,0
2,4,3
3,1,0
2,0,1
1,1,0
1,1,2
1,1,0
2,0,1
1,7,3
1,0,1
1,7,10
1,0,1
1,1,0
1,4,5
1,2,1
1,1,3
1,0,1
1,0,2
3,1,0
1,2,1
1,0,1
1,1,0
1,1,2
1,117,98
1,1,1
1,1,0
1,3,2
1,12,16
1,0,1
2,1,0
1,0,1
1,1,0
1,2,2
4,1,0
1,544,560
1,0,1
1,10,9
1,2,1
1,1,0
1,0,1
1,18,14
2,1,1
1,1,0
1,7,3
1,4,3
1,3,0
1,1,0
1,0,1
1,1,1
1,0,1
1,1,0
1,0,1
1,28,24
1,0,2
1,1,0
1,21,22
1,3,1
1,1,0
1,0,1
2,1,0
1,0,1
1,1,1
1,1,0
1,0,1
1,1,0
1,1,2
1,0,1
1,1,0
1,117,98
1,2,0
1,49,56
1,2,2
1,0,1
1,1,0
1,0,1
1,2,0
1,1,1
1,2,2
1,0,1
2,1,0
1,3,1
1,1,0
1,2,2
1,3,2
2,1,4
1,2,1
1,0,1
1,3,1
2,1,0
1,1003,1048
1,0,2
1,1,0
2,0,2
1,1,2
1,1,0
1,15,9
1,0,1
1,1,0
1,0,1
1,769,779
1,1,0
1,1,1
1,0,2
1,0,1
1,2,1
1,0,1
2,1,1
1,0,1
1,1,0
1,4,3
1,0,1
1,2,2
2,1,0
1,1,1
1,0,1
2,1,0
1,7,3
1,4,3
1,0,1
1,5,5
1,0,5
1,4,3
1,1,0
1,3,2
1,1,0
1,0,1
1,3,1
2,1,2
1,1,0
1,3,1
2,0,1
1,4,7
1,8,13
1,1,0
1,0,1
1,1,0
1,2,0
1,1,0
1,0,1
1,1,0
1,1,2
1,1,0
1,2,1
1,0,1
1,1,0
1,0,1
1,1,0
1,0,1
1,2,0
1,0,1
1,3,1
1,1,0
1,3,2
1,1,3
1,0,1
1,3,1
1,1,0
1,0,1
1,2,2
1,2,1
1,1,0
1,1,1
1,1,2
1,1,1
1,0,1
1,2,7
1,2,2
1,5,2
1,0,1
1,1,1
1,2,1
1,8,13
1,1,0
1,2,1
1,0,1
2,1,0
1,305,290
1,0,2
1,1,0
1,0,1
1,2,2
1,1,0
1,0,2
1,118,122
1,7,10
1,0,1
1,1,0
1,3,1
1,1,1
1,9,14
2,1,0
1,0,2
1,1,0
1,0,1
1,0,5
1,0,1
1,1,2
2,1,0
1,3,1
6,1,0
1,0,2
1,1,0
2,0,1
1,3,1
1,1,0
1,2,1
1,3,1
1,1,0
1,0,2
1,2,1
3,0,1
1,2,2
1,1,0
1,3,1
1,0,1
1,1,0
2,0,1
1,1,0
1,0,1
1,1,0
1,4,4
1,118,122
1,0,1
1,7,3
1,446,437
1,1,0
1,4,7
1,1,0
2,0,1
1,1,2
1,0,1
1,0,2
1,1,1
1,0,3
1,0,1
1,20,18
1,1,0
1,15,9
1,0,1
1,2,0
1,1,0
1,66,69
1,1,0
1,0,1
1,2,1
1,5,7
1,3,1
1,0,1
1,1,1
1,0,1
1,1,2
1,1,0
1,1,1
1,3,0
1,0,1
1,2,0
1,12,16
1,0,1
1,2,1
1,15,9
1,0,2
1,9,4
1,0,1
1,7,3
1,2,1
2,1,0
1,0,3
2,1,0
1,0,1
1,1,0
1,0,2
1,0,1
1,205,196
1,1,2
1,1,0
3,0,1
1,1,1
1,0,3
1,2,0
1,7,10
1,0,1
1,0,2
1,1,2
1,0,2
1,3,1
1,0,3
1,4,3
1,1,0
1,0,1
2,1,0
1,0,2
1,0,3
1,44,30
1,1,0
1,5,1
1,0,1
1,2,2
1,4,4
1,1,2
1,1,0
1,117,98
1,1,2
1,2,2
2,1,0
1,2,1
1,1,0
1,544,560
1,3,2
1,1,1
1,1,0
1,0,3
1,0,1
1,1,0
1,1,1
1,2,0
1,0,1
2,1,0
2,2,2
1,21,22
1,1,0
1,10,9
1,12,5
1,0,1
1,12,16
1,4,5
1,1,0
1,2,1
1,10,9
1,1,0
1,0,1
1,5,1
1,4,7
1,0,2
1,0,1
2,1,0
1,0,1
1,2,2
2,0,1
1,9,4
2,0,1
1,0,3
1,0,2
1,0,1
1,1,0
1,1,1
1,0,1
1,1,0
1,0,1
1,21,22
1,14,11
1,1,0
1,1,1
1,2,0
1,1,0
1,1,1
1,2,1
3,1,0
1,2,1
1,0,1
1,1,1
2,1,0
2,0,1
1,3,1
1,1,0
1,0,1
1,72,64
1,0,1
1,1,0
1,4,3
1,4,4
1,0,1
1,1,1
1,2,0
2,0,1
1,1,0
2,0,1
1,0,5
1,0,1
1,68,88
1,0,1
2,1,0
1,0,1
1,1,1
1,1,0
1,6,3
1,1,0
1,2,0
1,1,0
1,3,2
1,0,1
1,4,3
1,0,1
1,0,2
1,1,0
1,0,1
2,1,0
2,0,1
1,1,0
1,34,41
1,1,1
1,2,0
2,0,1
1,1,0
1,2,0
2,1,0
1,4,3
1,0,2
1,1,0
1,4,3
1,0,2
1,2,2
1,2,1
1,1,0
1,0,1
1,0,2
1,1,1
1,4,3
1,0,1
1,1,1
1,0,1
1,2,1
1,66,69
1,1,0
2,0,1
1,6,3
1,1,0
1,0,3
3,0,1
1,0,3
1,0,1
1,7,10
1,1,0
1,0,1
2,1,0
1,2,2
1,1,0
1,0,5
1,1,0
1,0,1
2,1,0
1,0,1
1,1,2
1,21,22
1,1,2
1,0,1
1,2,1
1,0,1
2,1,0
1,2,1
1,0,1
1,1,0
1,0,1
1,1,1
2,1,0
1,0,1
1,1,0
1,25,20
1,1,0
1,0,3
1,0,1
1,1,0
1,0,1
1,1,0
1,0,1
1,2,0
1,1,0
1,16,28
1,15,9
1,1,1
1,3,4
1,1,0
1,0,2
1,1,0
1,0,1
2,1,0
1,2,2
1,1,0
1,1,1
1,1,0
1,28,24
2,1,0
2,0,1
1,0,2
3,0,1
1,9,14
1,0,1
1,4,4
1,5,1
1,2,2
1,1,1
1,1,0
1,0,1
1,3,1
1,1,0
1,0,1
1,0,3
1,0,1
1,5,5
1,1340,1333
1,0,1
1,1,0
1,4,5
1,2,1
1,1,0
1,34,41
1,0,1
1,1,0
1,2,1
1,1,0
5,0,1
2,1,0
1,2,2
1,0,1
1,1,0
1,0,3
1,5,2
1,0,1
1,0,3
1,2,0
1,0,1
1,1,0
2,0,1
1,1,0
1,1,2
1,1,0
1,0,2
1,1,0
1,0,1
1,1,0
1,4,3
2,0,1
1,2,0
1,4,3
1,2,2
1,0,1
1,0,5
2,0,1
2,1,0
2,0,1
3,1,0
1,0,1
1,1,0
1,16,28
1,1,0
1,3,1
1,16,13
1,2,0
1,1,2
1,3,1
1,0,1
1,1,0
1,0,1
2,1,0
1,2,0
1,1,3
1,1,0
1,1,2
1,1,0
1,3,2
1,2,1
1,0,1
1,1,0
1,0,1
1,16,13
1,12,16
1,1,3
1,20,18
1,1,0
1,0,3
1,0,1
1,1,2
2,0,1
1,1,3
1,0,1
1,1,0
1,1,1
1,1,0
1,3,1
1,0,1
1,1,0
1,0,2
2,0,1
1,3,2
1,2,1
1,4,4
1,5,7
1,1,0
1,0,1
1,1,0
1,2,1
2,1,0
1,1,4
1,0,1
1,78,98
1,446,437
1,1,2
1,1,4
1,1,0
1,1,2
1,0,2
1,1,0
1,1,1
1,1,2
2,1,0
1,0,3
1,4,5
1,0,1
1,1,0
2,0,1
1,2,0
1,1,0
3,0,1
1,0,2
1,9,4
1,1,0
1,2,1
2,0,1
1,1,1
1,1,0
1,3,1
1,1,0
1,4,7
1,0,3
1,0,2
1,0,1
1,1,0
1,0,2
1,2,1
1,1,0
1,0,1
3,1,0
1,0,2
1,1,0
1,4,3
1,0,1
2,1,1
2,1,0
1,0,1
1,15,9
1,0,1
1,0,3
1,1,0
1,4,5
1,0,3
1,1,4
1,0,2
1,0,1
2,1,0
1,0,2
2,1,0
1,0,1
1,1,0
1,0,5
1,2,2
1,0,1
1,4,4
1,1,0
1,1,1
1,0,1
1,7,3
1,12,5
1,0,1
1,12,5
3,1,0
3,0,1
1,1,1
1,1,0
1,2,1
2,0,1
1,1,2
1,16,13
1,5,2
1,4,4
1,0,1
1,1,0
2,0,1
2,1,0
1,2,0
1,2,1
2,1,0
1,0,1
1,1,1
1,10,9
2,1,0
1,446,437
1,0,1
1,3,1
4,1,0
1,446,437
1,14,11
1,2,2
1,0,1
1,1,1
1,1,0
1,0,1
2,1,0
3,0,1
1,4,4
1,78,98
1,5,1
1,1,2
1,1,0
1,0,1
1,1,0
1,0,1
1,205,196
1,0,1
2,1,0
1,1,1
1,1,0
1,0,2
1,0,1
1,3,0
3,1,0
1,25,20
1,0,2
1,0,1
1,5,2
2,1,0
1,0,2
1,2,1
2,0,1
1,1,0
1,0,3
1,0,1
1,1,1
1,0,1
1,38,32
1,3,4
1,1227,1188
1,0,1
1,1,0
1,1,1
1,15,9
1,10,9
1,38,32
1,0,1
1,1,0
1,1,2
1,4,3
1,0,1
1,1,1
1,0,2
1,1,0
1,9,14
1,1,0
1,0,1
1,1,0
1,0,1
1,1,0
1,0,2
1,1,1
1,0,1
1,1,0
1,2,1
1,0,1
1,1,0
1,0,3
1,0,1
1,1,0
1,0,1
2,1,0
1,2,2
1,1,1
1,1,0
1,5,5
1,1,1
1,0,1
1,1,0
1,1,1
4,1,0
1,1,1
1,0,1
1,1,0
1,0,2
1,1,0
1,5,1
1,1,0
2,0,1
2,1,0
1,1,2
2,1,0
1,0,1
1,1,0
1,4,3
1,1,0
1,0,1
1,1,4
1,2,1
1,0,2
1,0,1
1,544,560
2,1,0
1,0,1
2,1,0
1,2,2
1,2,0
2,0,1
1,1,0
1,2,0
1,0,1
1,1,3
1,1,0
1,0,1
1,1,0
1,0,1
1,1,1
2,0,1
1,2,2
2,0,1
1,2,0
1,2,2
1,1,0
1,1,2
1,1,0
1,0,1
1,1,0
1,0,1
1,10,9
1,2,0
2,1,0
1,0,1
1,0,5
1,2,1
1,1,0
1,4,5
1,1,0
1,0,1
1,1,2
1,1,0
1,0,1
1,0,2
1,1,0
1,4,4
1,5,2
1,1,2
1,1,0
1,0,5
2,0,1
1,12,16
1,0,1
1,1,1
1,20,18
1,3,2
1,1,0
1,0,1
1,1,0
1,0,1
1,20,18
1,1,1
1,5,5
1,3,2
1,3,1
1,1,1
1,4,7
2,1,0
1,1,1
1,0,2
1,2,2
3,0,1
1,1,0
1,0,1
1,1,1
1,0,1
1,1,0
1,0,1
1,0,2
2,0,1
1,9,14
1,4,3
1,4,5
1,0,1
1,1,0
1,2,2
3,1,0
1,3,2
3,1,0
5,0,1
1,1,1
1,0,1
1,10,9
1,0,1
1,2,1
1,3,4
1,5,7
1,1,1
1,9,14
1,0,1
1,1,1
3,0,1
1,2,2
2,0,1
1,7,3
1,0,1
2,1,0
1,0,3
1,1,0
1,4,5
1,2,1
3,0,1
1,1,0
1,5,5
2,1,0
1,0,1
1,2,0
1,5,1
1,0,1
1,1,0
1,0,1
1,2,1
2,1,0
1,5,2
2,1,0
1,2,2
1,1,0
1,2,2
1,117,98
1,9,14
1,3,1
1,1,0
1,0,1
1,49,56
1,0,1
1,2,0
1,1,0
1,0,1
2,1,0
3,0,1
1,3,1
1,1,0
1,0,3
1,0,1
1,1,0
1,0,1
1,1,2
1,1,0
1,2,1
1,1,0
1,3,4
1,7,10
1,15,9
2,0,1
2,1,0
1,34,41
1,1,0
1,1,3
1,4,4
1,0,3
1,2,1
1,0,1
1,1,0
1,0,1
1,1,0
1,4,3
1,3,1
1,5,2
1,1,0
3,0,1
1,10,9
2,0,1
1,2,0
1,0,1
1,3,1
4,1,0
1,0,1
1,1,1
2,0,1
1,0,3
2,1,0
1,0,1
1,0,2
1,1,0
1,3,0
1,5,2
1,0,1
1,1,2
1,1,1
1,1,2
1,0,3
1,1,1
3,0,1
1,118,122
1,2,1
1,0,1
1,1,0
1,1,4
1,28,24
1,0,1
1,1,0
1,0,1
2,1,0
1,0,1
1,1,1
1,0,1
1,1,4
1,0,2
1,4,3
1,1,0
1,1,1
1,2,1
1,1,1
1,7,10
1,405,349
1,38,32
1,0,2
1,1,2
1,0,1
1,16,28
1,2,1
1,2,0
1,2,1
2,0,1
1,7,10
1,1,0
1,1,1
1,1,0
1,0,1
1,1,0
1,12,16
1,0,1
1,1,1
1,0,2
1,9,4
1,5,7
2,1,0
1,12,5
1,0,1
1,1,2
5,1,0
1,1,1
2,1,0
1,66,69
1,0,1
1,1,2
1,1,0
1,1,1
1,0,1
1,1,0
1,3,2
1,0,5
1,1,0
1,44,30
1,0,1
1,3,1
1,1,0
2,0,2
1,1,1
2,0,1
1,0,5
1,1,0
1,0,1
1,1,2
2,1,0
1,68,88
1,0,1
1,0,2
1,1,0
3,0,1
1,1,2
1,10,9
1,1,0
2,0,1
1,1,0
1,0,1
1,5,5
1,0,2
1,1,0
1,1,1
3,1,0
1,1,1
1,0,1
1,5,5
1,2,2
1,0,1
1,0,2
2,0,1
1,1,0
1,1,1
1,0,1
1,1,0
1,0,1
1,20,18
2,0,2
1,0,1
1,1,0
1,2,1
1,0,3
1,2,1
1,0,5
1,1,3
1,12,5
1,0,1
1,5,5
1,1,2
1,769,779
2,0,1
1,33,34
2,1,0
3,0,1
1,1,0
1,0,3
1,1,0
1,2,1
1,1,1
1,38,32
1,3,1
1,2,1
2,0,1
1,0,3
1,0,1
1,1,2
1,1,0
1,2,2
1,2,0
1,2,2
1,2,1
1,12,16
1,5,1
1,0,1
1,5,5
1,21,22
1,2,0
1,1,1
1,4,4
1,0,1
1,1,0
1,0,1
1,3,2
1,4,5
1,1,1
1,7,10
1,1,0
1,4,4
2,0,1
1,4,4
1,4,5
1,1,0
1,0,1
1,1,0
1,9,14
1,1,4
2,1,0
1,38,32
1,3,2
1,1,0
1,2,2
1,1,0
1,8,13
1,0,2
1,6,3
1,1,0
1,4,4
1,0,1
1,1,1
1,1,0
1,0,3
1,1,1
1,5,5
1,2,0
2,1,0
1,16,13
1,0,1
1,2,1
1,0,2
2,1,0
1,0,1
2,1,0
1,1,2
1,0,2
1,0,1
2,1,0
2,0,1
1,3,1
1,0,2
1,10,9
1,7,3
1,49,56
1,0,1
1,2,1
1,1,1
1,2,2
1,1,0
1,4,4
1,1,1
1,0,1
1,1,0
1,1,2
1,0,1
2,1,0
1,0,1
1,1,0
1,0,1
1,1,0
1,0,2
1,0,5
3,0,1
1,0,2
1,3,2
1,5,5
1,1,0
1,2,2
1,0,2
1,0,1
2,1,0
1,0,2
3,1,0
2,1,1
1,0,1
1,1,0
1,2,2
1,0,1
1,1,1
1,7,10
1,0,1
1,2,1
1,0,1
2,1,0
1,0,1
1,1,1
1,2,1
1,2,2
2,0,1
1,1,0
1,0,1
1,4,3
2,1,0
1,0,1
3,1,0
1,0,1
3,1,0
1,16,28
1,1,2
1,1,0
2,0,1
1,1,0
1,3,1
2,1,0
2,0,1
1,1,0
1,0,3
1,1,0
4,0,1
1,2,2
1,1,0
1,2,1
1,0,3
1,2,0
1,0,1
1,1,0
1,1,1
1,1,2
1,44,30
1,16,28
1,3,1
3,0,1
1,1,0
1,0,1
1,1,0
1,0,1
1,7,3
2,0,1
1,2,1
1,0,1
1,0,2
2,0,1
1,1,0
1,0,1
1,4,5
1,1,0
2,0,1
1,7,10
1,1,2
1,1,1
1,1,3
1,0,2
1,0,3
1,1,0
1,10,9
1,1,0
1,0,1
1,1,0
1,0,1
1,5,5
1,0,1
1,1,0
1,3,1
1,2,1
1,1,1
1,2,2
2,1,0
1,3,1
1,0,1
1,4,5
1,4,4
1,1,2
3,0,1
1,1,0
1,2,0
1,0,1
2,1,0
1,2,2
1,1,1
1,1,0
2,0,1
1,1,0
1,0,2
2,0,1
1,1,0
1,5,1
1,1,0
1,0,3
2,1,0
1,0,1
3,1,0
1,118,122
2,1,0
2,0,1
1,1,0
1,0,1
1,1,2
1,9,14
1,0,1
1,1,2
1,0,1
2,1,0
2,0,1
1,1,1
1,1,0
1,15,9
1,3,1
1,0,1
1,1,0
1,0,1
1,1,1
1,2,2
1,9,4
1,0,3
1,4,5
1,1,0
1,1,1
1,1,2
1,0,1
1,1,3
2,1,0
1,0,1
1,2,2
1,1,0
1,0,1
2,1,0
1,7,3
1,0,2
1,4,3
1,0,1
1,1,3
1,1,1
1,1,2
1,1,0
1,3,1
1,1,1
1,4,5
1,1,0
1,0,1
3,1,0
1,0,1
2,1,2
1,2,0
1,44,30
1,1227,1188
1,1,2
1,0,1
5,1,0
1,18,14
1,28,24
1,1,4
1,2,0
1,0,1
1,2,0
1,0,1
1,34,41
1,2,0
1,5,2
2,0,1
2,1,0
1,0,1
1,1,1
1,1,2
1,0,1
1,0,2
1,0,1
1,2,1
1,0,1
1,6,3
2,0,1
1,1,2
1,1,0
1,1,1
1,1,0
1,0,1
1,1,0
1,0,1
1,5,1
1,1,0
2,0,1
1,1,2
1,1,0
1,1,2
1,20,18
1,1,1
1,0,3
2,0,1
1,1,0
1,5,2
1,9,4
1,1,1
1,0,2
1,0,1
1,1,2
1,0,1
1,1,0
1,3,1
1,2,1
1,7,3
1,1,0
2,0,1
1,5,7
1,1,1
1,3,1
1,0,2
1,2,1
2,1,0
1,0,1
1,1,0
1,5,2
1,0,2
1,1,0
1,44,30
1,1,4
1,1,0
1,78,98
1,0,2
1,4,4
1,0,1
1,4,4
1,1,0
1,16,13
1,1,0
1,1,2
1,1,0
1,5,7
2,0,1
1,2,1
1,3,1
1,1,4
1,0,1
1,0,3
1,0,1
1,0,5
1,2,2
1,1,1
1,1,0
1,4,3
2,1,0
1,1,2
2,1,0
1,2,1
4,0,1
1,8,13
1,2,2
2,0,1
3,1,0
1,2,1
1,0,1
1,4,7
1,0,1
1,1,1
1,1,0
3,0,1
1,4,5
1,0,1
1,1,2
1,0,1
1,117,98
2,0,1
2,1,0
1,0,1
2,2,1
1,0,1
1,1,0
1,2,0
1,1,3
2,0,1
1,1,0
1,72,64
1,1,0
1,0,2
1,1,1
1,1,4
1,1,0
1,3,1
1,0,1
1,6,3
2,0,1
1,2,1
2,2,2
1,0,1
3,1,0
1,1,1
1,1,0
1,0,1
1,4,7
1,1,0
1,78,98
1,2,1
1,0,1
1,44,30
1,2,2
1,1,0
1,0,1
1,1,0
1,0,3
1,4,5
1,2,1
1,1,0
1,0,1
1,5,1
1,1,0
1,3,1
1,1,2
1,49,56
2,0,1
1,0,2
1,2,2
2,0,1
1,405,349
1,1,0
1,0,3
1,0,1
1,1,2
1,1,0
1,1,1
1,1,0
1,1,2
1,0,1
1,1,0
1,0,3
1,0,1
1,12,5
4,0,1
1,1,1
1,1,0
1,0,1
1,0,3
1,0,1
1,4,5
1,1,0
1,0,5
1,0,1
1,0,2
1,0,1
1,5,7
1,0,5
1,0,3
1,1,0
1,24,20
1,0,1
1,1,1
1,2,1
1,0,3
1,0,1
1,1,0
1,0,1
1,5,7
1,0,3
1,1,0
1,4,3
1,1,0
1,4,7
1,1,2
1,4,5
1,1,0
1,0,3
1,0,1
1,1,1
1,0,2
1,1,0
1,0,1
1,66,69
1,1,0
1,66,69
1,0,1
1,1,2
1,0,1
1,1,1
1,1,0
1,0,1
1,1,1
1,2,2
1,8,13
1,0,1
1,1,0
3,0,1
1,5,1
1,6,3
1,1,0
1,0,1
1,1,0
1,0,1
1,1,0
1,1,1
2,1,0
1,2,0
1,7,10
1,2,2
3,1,0
1,0,1
2,1,1
1,0,1
1,0,2
2,1,1
1,1,0
1,5,1
1,1,0
1,5,2
2,1,0
1,0,1
1,1,0
1,2,1
1,1,0
1,4,4
1,2,1
1,1,0
1,0,1
1,4,3
1,1,1
1,0,1
1,0,3
2,0,1
1,1,1
1,0,1
1,3,0
2,0,1
1,0,2
1,1,0
1,2,0
1,0,1
1,1,0
1,12,16
1,1,0
1,0,1
1,0,2
1,4,4
1,1,0
1,2,0
1,1,1
1,2,0
1,2,2
1,3,1
1,0,1
1,1,0
1,9,4
2,1,0
1,0,1
1,0,3
1,28,24
1,0,1
1,1,0
1,16,28
1,0,1
1,4,3
1,246,251
1,1,0
1,0,1
1,1,4
1,2,1
1,1,1
1,0,1
1,5,7
2,1,0
1,0,1
1,1,0
1,2,1
1,0,1
1,1,0
1,2,0
1,1,0
1,8,13
2,0,2
1,1,1
1,9,4
1,0,3
1,0,1
1,2,2
1,2,1
2,0,1
1,8,13
1,3,1
1,2,1
1,0,1
1,2,0
1,12,16
1,0,1
1,1,1
1,1,0
1,0,2
1,0,1
1,0,2
1,0,1
3,1,0
1,1,1
3,0,1
1,5,2
1,1,0
1,2,0
1,0,2
2,1,0
3,0,1
1,5,2
2,0,1
1,1,1
1,2,0
1,3,2
1,1,1
1,0,2
1,0,1
1,1,0
1,3,1
2,0,1
1,1,0
1,0,1
1,1,2
1,10,9
1,9,4
1,1,0
1,2,2
2,1,0
2,0,1
1,5,2
1,1,0
1,0,1
1,49,56
3,1,0
1,2,2
1,3,1
2,1,0
1,3,1
1,5,1
1,0,3
1,1,1
2,0,1
1,3,2
1,0,1
1,1,0
1,0,3
1,4,3
2,1,0
1,2,1
1,1,2
1,16,28
1,2,1
1,1,0
1,0,2
3,1,0
1,3,4
1,0,1
2,1,0
2,2,1
2,1,2
2,1,0
1,0,1
1,25,20
1,1,0
1,0,1
1,12,5
1,2,1
2,2,2
1,0,1
1,2,0
1,0,1
1,1,0
1,5,5
1,0,1
1,1,0
1,5,5
3,0,1
1,0,2
1,3,0
1,2,1
1,0,2
2,1,0
1,0,1
1,1,0
1,0,2
1,1,0
1,5,2
1,1,0
1,0,1
1,3,2
1,0,2
2,1,0
1,0,1
1,0,3
1,0,1
1,5,2
1,1,0
1,2,1
2,1,0
1,0,2
1,1,0
1,0,1
1,1,1
1,1,0
1,0,1
1,3,2
1,0,1
2,1,0
1,16,13
2,1,0
1,1,1
1,0,1
1,1,0
1,0,3
1,1,0
1,2,0
1,1,0
1,2,2
1,2,1
2,1,0
1,2,1
1,2,0
1,1,0
1,5,7
1,5,5
1,20,18
1,1,1
1,9,4
1,0,2
1,1,1
1,0,1
1,1,1
1,0,1
1,1,0
1,2,0
1,1,2
1,3,0
1,2,1
1,1,0
1,1,1
1,2,1
1,0,2
1,3,0
1,9,4
1,1,2
2,0,1
1,1,2
1,0,1
1,1,0
1,0,1
1,1,4
1,5,2
1,1,0
1,9,14
1,0,1
2,1,2
1,1,0
1,5,1
1,0,1
1,1,2
1,0,1
4,1,0
1,0,1
1,3,1
1,1,1
1,5,5
1,3,2
1,1,1
1,0,1
1,2,0
1,0,1
1,1,1
2,1,0
1,1,1
1,1,0
1,2,1
1,4,4
2,1,0
1,66,69
1,5,5
1,544,560
1,1,0
1,0,1
1,1,2
1,7,3
1,2,0
1,5,2
1,1,0
1,4,3
1,1,0
1,4,5
1,1,1
1,5,5
1,1,0
1,2,2
1,1,0
1,6,3
2,1,0
1,2,1
2,1,0
1,0,1
1,1,0
1,2,2
1,1,2
1,18,14
1,0,1
1,2,1
5,1,0
1,5,2
1,0,3
1,1,0
1,0,1
2,1,0
1,1,1
1,3,1
1,1,1
1,0,5
1,0,2
1,5,2
1,1,0
1,2,0
3,0,1
1,1,0
1,1,1
1,2,1
1,0,1
1,6,3
1,2,1
2,1,0
1,2,1
2,1,0
1,4,3
2,0,1
1,4,3
1,1,0
1,3,1
1,1,0
1,0,1
1,1,1
1,0,1
1,18,14
1,1,0
2,0,1
1,0,2
1,4,3
1,1,0
1,0,1
1,12,5
1,3,2
2,4,4
1,8,13
1,2,1
1,1,0
1,0,1
1,0,3
1,1,1
1,3,1
1,0,1
1,1,0
1,0,1
1,1,4
2,1,0
1,1,2
1,0,2
1,0,3
1,3,1
1,5,2
1,1,2
1,1,0
1,0,1
1,2,2
1,1,0
1,5,7
1,1,0
1,7,3
1,1,0
1,2,2
1,1,1
1,1,0
1,0,1
1,1,0
1,72,64
1,2,7
1,0,1
1,7,10
3,1,0
1,0,5
1,0,1
1,3,1
2,0,1
1,1,0
1,0,1
1,117,98
1,1,2
1,0,1
1,0,2
1,1,2
3,1,0
1,0,1
1,9,14
1,0,1
1,14,11
1,0,2
1,1,0
1,0,1
2,1,0
1,1,1
1,1,0
1,2,0
1,5,1
1,1,0
3,0,1
1,117,98
1,78,98
1,0,1
1,3,2
1,0,1
1,1,0
1,3,1
1,1,0
2,0,1
1,1,0
1,0,1
1,1,1
1,2,2
1,0,2
1,12,16
1,0,3
1,2,0
1,0,1
1,1,2
1,1,0
1,25,20
1,4,3
1,0,2
1,3,1
1,1,0
1,0,1
1,1,3
1,68,88
1,5,5
1,1,0
1,20,18
2,0,1
2,1,0
1,3,1
2,0,1
1,0,3
1,0,1
3,1,0
1,5,2
1,0,1
1,3,1
2,1,0
1,0,1
1,5,2
3,0,1
1,3,1
1,4,3
2,0,1
1,2,1
1,0,1
1,1,0
1,0,1
1,1,2
1,1,0
1,4,3
1,1,0
1,66,69
1,5,5
1,0,1
1,1,0
1,0,1
1,66,69
1,1,4
1,1,2
1,0,2
3,0,1
1,1,0
1,246,251
1,5,2
1,2,0
1,2,2
1,16,13
1,8,13
1,0,3
1,0,1
1,5,5
1,3,1
1,4,3
1,0,1
1,205,196
1,12,16
1,1,1
1,1,0
1,0,1
1,3,1
1,0,1
1,1,0
1,0,5
1,1,0
1,0,1
2,1,0
1,0,1
1,1,0
1,1,2
1,0,1
1,1,1
1,769,779
1,4,5
4,0,1
1,1,1
1,1,0
1,3,2
1,3,1
1,4,4
1,1,0
1,1,2
1,0,1
1,3,0
1,0,1
1,2,0
3,1,0
1,0,3
1,0,1
1,1,1
1,0,1
2,1,0
1,0,2
1,18,14
1,0,1
1,6,3
1,4,3
1,1,0
1,0,1
1,0,2
1,0,1
1,2,2
1,2,1
1,0,1
1,2,0
1,0,1
1,1,2
1,1,0
1,0,2
1,2,0
1,5,2
1,1,0
1,0,1
1,1,0
1,16,13
1,0,1
1,1,0
2,0,1
1,1,0
1,3,0
1,1,0
1,0,1
1,1,0
1,1,1
2,1,0
1,0,1
1,3,4
1,0,1
2,1,0
1,1,2
1,0,2
1,4,5
1,0,1
1,3,1
2,1,0
1,0,1
1,1,0
2,0,2
1,0,1
1,1,0
1,1,1
1,0,1
1,2,1
1,1,0
1,4,4
1,0,2
1,0,1
1,3,1
1,4,3
1,0,2
1,2,7
1,0,1
1,1,0
1,1,4
2,0,1
1,1,0
1,0,1
1,4,7
1,0,1
1,2,2
1,0,2
1,0,1
1,118,122
1,1,1
1,2,2
1,1,0
2,0,1
1,1,0
4,0,1
1,1,4
1,1,1
1,5,1
1,1,0
1,2,0
1,0,1
1,1,0
1,1340,1333
1,1,1
2,1,0
1,10,9
2,1,0
1,6,3
1,0,1
1,1,0
1,1003,1048
1,0,1
1,0,3
1,0,1
1,1,0
1,0,1
1,34,41
1,0,1
1,16,28
1,2,0
3,1,0
1,0,1
2,1,0
1,5,2
1,2,2
1,1,0
1,3,0
1,0,1
1,1,0
1,78,98
1,1,4
1,2,1
1,1,2
1,2,2
1,2,1
3,0,1
1,15,9
1,1,1
2,1,2
1,0,3
1,0,1
1,2,0
1,1,0
1,0,2
1,3,1
1,1,0
1,3,1
1,1,0
2,0,1
1,0,2
1,1,0
1,0,1
1,4,3
1,2,2
1,2,1
1,1,0
1,0,1
1,0,2
1,1,0
1,3,1
1,7,3
1,1,0
1,2,1
1,1,2
1,0,1
1,0,2
1,1,1
1,0,1
2,1,0
1,4,3
1,3,1
1,1,4
2,0,1
1,1,0
1,0,1
1,2,1
2,1,1
1,16,13
1,2,1
1,0,1
1,1,0
2,0,1
2,1,0
1,0,1
1,0,2
1,1,2
1,1,0
3,0,1
1,1,1
1,1,0
1,78,98
2,0,1
1,1,0
1,118,122
1,1,0
1,0,1
1,2,0
2,0,1
1,1,1
2,0,1
1,1,0
1,12,5
1,0,1
1,5,2
1,0,3
1,1,0
1,2,2
1,1,1
1,2,1
1,0,1
1,1,4
1,1,0
3,0,1
1,3,0
1,0,1
1,4,7
1,0,1
1,1,0
2,0,1
2,1,0
1,2,0
1,0,1
2,1,1
1,0,1
1,1,1
1,0,1
1,1,2
1,0,2
1,2,0
1,0,1
1,2,1
1,1,0
1,2,7
1,5,1
1,15,9
1,28,24
2,1,0
1,0,1
1,15,9
1,2,1
1,1,0
1,0,2
1,0,1
1,18,14
1,0,1
3,1,0
1,0,1
3,1,0
1,15,9
1,0,1
3,1,0
1,0,2
1,1,2
1,1,0
1,3,1
1,769,779
1,0,1
1,3,1
1,1,1
1,0,2
1,2,7
1,1,4
2,0,1
1,2,0
1,0,1
1,1,1
1,2,1
1,1,0
1,3,1
1,446,437
1,5,1
1,0,2
1,0,1
1,20,18
1,2,0
1,0,1
1,5,1
3,1,0
2,0,1
1,1,0
1,0,1
1,15,9
1,1,0
1,1,1
1,1,0
1,0,1
2,1,0
1,34,41
1,1,1
1,21,22
2,1,0
1,18,14
1,0,1
1,1,2
1,0,1
1,1,0
1,1,2
1,0,3
1,1,0
1,5,1
1,0,1
1,2,2
1,0,1
1,2,1
2,0,1
1,1,0
1,1,2
1,1,0
1,0,1
1,1,2
1,1,0
1,0,1
1,5,2
1,1,0
1,2,2
1,2,1
1,1,0
1,0,1
2,1,0
1,0,1
1,3,2
1,165,150
1,1,0
1,2,2
1,1,1
1,0,3
1,0,1
1,1,0
3,0,1
1,1,0
1,0,2
1,0,1
1,1,2
1,1,0
1,0,2
1,1,3
2,1,0
2,2,1
1,0,3
1,2,1
4,0,1
1,205,196
1,1,0
5,0,1
1,5,2
1,0,1
2,1,0
1,1,1
1,1,0
1,0,1
1,12,16
1,14,11
1,0,2
1,1,1
1,2,2
1,1,0
1,0,1
1,1,0
1,0,1
1,1,0
1,3,1
1,2,1
1,0,1
1,9,4
1,2,1
1,0,3
1,0,2
1,1,0
1,0,3
1,0,5
1,1,0
3,0,1
1,1,0
2,0,1
1,5,5
1,6,3
1,1,0
1,0,3
1,0,1
1,1,0
1,0,1
1,0,2
1,4,3
1,1,2
1,0,1
1,1,0
1,2,0
1,1,2
1,4,5
1,33,34
1,2,1
1,1,0
1,1,1
1,0,2
2,0,1
1,1,1
1,0,1
1,1,1
1,0,1
1,3,1
3,1,0
1,2,2
1,1,0
2,0,1
1,1,2
1,1,0
1,0,1
1,5,2
1,9,4
1,1,0
1,2,2
3,0,1
1,2,0
1,0,2
1,1,0
1,2,0
1,1,0
1,1,1
1,1,4
1,1,0
1,0,1
1,1,0
1,0,1
1,0,2
1,0,1
1,12,16
1,2,1
1,1,0
1,3,1
1,0,5
1,0,1
1,0,2
1,2,1
1,3,2
1,1,4
1,1,2
2,0,1
1,1,2
2,0,1
1,1,0
1,2,2
2,0,1
2,1,0
2,0,1
3,1,0
1,0,1
1,3,1
1,4,3
2,0,1
1,2,0
1,0,3
1,1,0
2,0,1
1,1,2
1,1,0
1,0,1
1,1,0
1,1,1
1,1,2
1,0,2
1,10,9
2,1,0
1,1,1
1,0,1
1,68,88
1,18,14
2,1,0
1,0,2
1,1,0
1,0,1
1,7,3
1,21,22
1,33,34
1,2,0
1,0,1
3,1,0
1,25,20
1,0,1
1,1,0
1,0,1
1,1,2
2,1,0
2,0,1
1,2,2
1,0,2
1,4,5
1,5,5
1,1,0
1,0,2
2,1,0
1,0,1
1,2,2
1,0,3
2,1,0
1,3,1
1,0,1
1,0,3
3,1,0
1,4,4
1,0,1
1,1,0
1,2,1
1,1,0
1,0,1
2,1,0
1,0,1
1,0,2
1,0,1
2,1,0
1,2,0
1,1,0
1,2,0
1,1,0
1,2,1
2,1,0
1,2,7
1,1,1
1,33,34
1,3,1
1,0,2
5,1,0
1,0,1
1,1,0
1,5,5
3,1,0
1,5,7
1,1,1
1,0,1
1,1,0
1,0,5
1,2,7
1,1,0
1,2,2
1,0,1
3,1,0
1,2,0
1,0,1
2,1,0
1,9,4
1,1,0
1,0,2
1,1003,1048
1,44,30
1,2,1
2,0,1
1,12,5
1,1,0
1,0,1
1,1,1
1,7,10
1,38,32
1,0,1
1,1,0
1,5,5
1,0,1
2,1,0
1,0,1
1,3,1
1,0,1
1,5,1
1,2,2
1,1,2
1,5,1
1,0,1
1,1,0
1,1,2
1,20,18
1,0,1
1,1,4
2,0,1
1,2,0
1,0,3
1,0,2
3,1,0
1,0,1
1,1,0
1,78,98
1,1,0
1,2,1
1,0,1
2,1,0
1,1,1
1,0,1
1,3,1
1,0,2
1,1,0
1,0,1
1,1,0
1,0,1
1,0,2
1,8,13
1,15,9
1,2,0
2,1,0
1,0,1
1,4,7
1,1,0
1,0,1
1,2,2
1,1,0
1,0,1
2,1,0
1,2,2
1,0,2
1,2,1
1,1,1
1,1,0
1,5,2
1,3,1
1,2,1
1,49,56
1,0,1
1,2,2
1,0,1
1,2,2
1,18,14
1,2,1
2,1,0
1,0,1
1,1,1
1,0,1
1,1,1
1,1,0
1,0,1
1,1,1
1,1,2
1,15,9
2,1,0
4,0,1
1,1,0
1,0,1
1,1,2
1,2,2
1,3,4
1,1,0
1,68,88
1,1,2
1,0,3
3,1,0
1,0,1
1,3,1
1,2,1
1,1,0
1,0,2
2,1,0
1,5,2
1,0,1
1,1,0
1,1,3
2,1,0
1,0,1
1,0,2
1,0,3
1,2,2
1,0,1
1,0,3
1,1,3
1,1,1
1,0,1
1,3,1
1,2,2
1,0,3
1,0,1
1,1,1
3,0,1
1,118,122
1,1,0
1,4,5
1,1,0
1,0,1
1,0,5
2,1,0
1,0,2
1,0,1
1,2,2
2,1,0
1,2,1
2,1,0
1,1,4
2,0,1
1,1,0
2,0,1
1,1,0
1,0,1
1,2,2
3,0,1
1,4,3
1,0,1
1,1,0
1,2,7
2,0,1
1,3,2
1,1,0
1,0,3
3,0,1
2,1,0
3,0,1
1,16,28
1,1,0
1,3,2
1,1,0
1,0,1
1,0,3
1,1,0
1,0,1
1,0,3
1,1,1
2,1,0
1,3,2
2,0,1
5,1,0
1,0,1
3,1,2
1,1,0
1,4,4
2,1,0
3,0,1
1,10,9
1,3,2
1,3,1
1,9,4
2,1,0
1,5,2
1,0,1
1,4,3
4,1,0
1,3,1
1,1,0
1,0,1
1,16,13
1,1,0
1,0,1
1,4,5
1,5,7
1,0,3
2,1,0
1,2,2
1,0,1
1,4,5
1,1,0
1,2,2
1,3,1
1,0,3
1,1,0
1,0,5
2,1,2
1,1,0
1,0,1
1,1,1
2,0,1
1,5,1
1,1,0
1,6,3
1,0,1
1,16,13
1,0,2
1,25,20
1,1,1
1,1,0
1,1,1
2,0,1
1,1,0
3,0,1
1,1,0
1,4,7
2,0,1
1,1,2
1,1,0
2,0,1
1,3,1
1,0,1
1,1,0
1,1,1
1,0,3
1,9,4
1,1,0
1,4,3
1,25,20
1,28,24
1,0,1
1,3,1
1,7,10
1,0,1
1,0,2
1,0,1
1,1,0
1,4,4
3,0,1
2,1,0
1,2,1
1,3,1
2,0,1
1,0,2
1,2,0
1,2,1
1,49,56
1,4,3
1,0,3
1,15,9
1,1,0
1,1,1
1,0,1
1,1,0
1,0,1
1,0,3
1,0,1
1,1,1
1,1,0
2,1,1
1,1,0
1,2,1
3,1,0
1,1,1
1,2,2
1,0,1
2,1,0
1,0,1
1,4,3
1,0,1
1,4,4
2,1,0
1,0,1
1,3,2
2,0,1
1,1,1
1,33,34
1,789,784
2,1,0
1,0,1
1,1,0
1,1,1
1,1,0
1,0,2
2,1,0
1,0,2
2,1,0
1,1,3
1,0,1
1,5,2
1,0,2
1,3,1
1,2,2
1,1,0
1,5,7
1,5,2
1,12,5
1,1,0
1,5,5
1,4,5
1,0,2
1,1,0
2,0,1
1,34,41
4,1,0
1,28,24
1,1,1
1,2,0
2,0,1
1,3,1
1,0,1
1,1,4
1,0,1
2,1,0
1,1,1
1,0,2
1,2,2
1,0,1
1,1,0
2,0,1
1,1,1
1,0,1
3,1,0
1,9,4
1,2,1
1,0,1
3,1,0
2,0,1
1,1,0
1,1,1
2,0,1
1,1,0
1,1,1
1,0,1
1,7,3
1,2,0
1,10,9
1,1,1
1,1,0
1,0,1
1,1,0
1,6,3
1,3,1
1,2,0
1,0,1
1,16,13
1,38,32
2,0,1
1,1,0
1,3,1
1,0,1
1,4,4
1,2,2
2,1,2
1,0,1
1,16,13
1,2,2
1,117,98
1,5,5
1,0,2
1,1,0
1,2,2
1,1,0
1,0,1
1,1,0
1,2,2
1,4,3
1,1,0
1,33,34
2,1,0
1,0,3
1,5,1
1,0,2
1,9,14
1,0,1
2,1,0
1,1,1
1,1,0
1,5,7
1,4,7
1,0,1
1,3,1
1,1,0
1,0,1
1,5,2
1,0,1
1,1,0
2,0,1
1,0,3
1,12,16
1,4,5
2,0,1
1,10,9
1,0,2
1,0,1
3,1,0
1,0,2
1,0,1
1,1,0
1,2,1
1,0,1
1,1,0
1,0,1
1,1,0
2,0,1
1,44,30
1,1,1
2,1,0
1,0,1
1,2,1
1,1,2
3,1,0
1,2,1
1,1,0
1,4,7
1,3,1
1,0,1
1,2,1
1,305,290
2,0,1
1,1,0
1,0,1
1,5,7
1,0,2
1,0,1
1,1,0
1,118,122
1,1,2
1,0,5
1,0,1
1,3,1
2,1,0
1,3,2
1,0,1
1,1,0
1,18,14
1,0,1
1,1,0
2,0,1
1,1,0
1,4,5
1,1,1
1,1,2
1,1,0
2,0,1
1,1,0
1,2,1
1,12,5
1,34,41
1,0,2
1,4,4
1,1,1
2,0,1
1,0,2
1,2,0
1,1,0
1,1,1
1,1,0
1,0,3
1,1,0
1,0,2
2,1,0
1,4,5
1,0,1
1,1,0
1,1,2
1,1,1
1,0,1
1,2,1
1,1,0
1,44,30
1,0,1
1,1,0
1,0,1
1,7,10
3,1,0
1,0,5
1,0,1
1,2,1
1,0,5
1,4,5
1,0,1
2,2,1
1,1,0
3,0,1
1,1,0
1,2,0
1,0,1
1,3,4
1,2,2
1,1,1
2,0,1
1,1,2
2,1,0
2,1,2
2,0,1
1,1,0
1,9,14
1,1,0
1,12,5
1,1,0
1,2,0
1,0,2
1,2,0
1,1,0
1,2,1
1,0,1
1,2,0
1,16,28
1,0,3
1,1,0
1,0,1
1,1,0
1,0,1
1,1,0
1,5,5
1,2,7
1,3,4
1,3,1
1,1,0
2,0,1
1,1,2
2,0,1
1,2,0
1,1,0
1,2,1
1,0,3
1,16,13
1,0,1
1,5,5
1,4,3
1,1,3
1,3,1
2,1,0
1,5,5
1,1,3
1,1,0
1,0,1
1,2,1
1,1,0
1,1,1
1,1,0
1,1,2
1,0,1
1,4,4
1,0,2
1,1,0
1,0,1
1,1,0
3,0,1
1,3,1
1,1,0
1,0,1
1,0,2
1,1,0
1,0,1
1,1,0
1,789,784
1,0,1
1,2,0
1,0,1
1,0,2
1,0,1
1,1,0
1,4,5
2,1,0
2,0,1
1,3,2
2,1,1
1,0,1
1,1,0
1,3,2
1,0,1
1,4,3
2,1,0
1,5,5
1,3,4
1,0,1
1,1,1
1,2,2
1,1,0
1,0,1
1,1,0
1,4,5
1,0,1
2,1,0
1,7,3
3,1,0
1,0,2
2,1,0
1,0,1
3,1,0
1,5,2
1,1,2
1,16,13
1,0,2
1,0,1
1,3,1
1,1,1
3,1,0
1,0,1
1,1,2
1,1,0
1,0,1
1,1,0
1,1,1
3,0,1
1,1,0
1,3,0
1,1,2
1,1,0
1,0,2
1,1,0
1,0,1
1,3,4
1,3,1
2,0,1
1,0,2
1,1,0
2,0,1
1,0,5
1,2,0
1,3,0
2,1,0
1,0,1
1,1,0
1,0,1
1,1,0
2,0,1
1,1,0
1,0,1
2,0,2
1,1,2
2,1,0
1,5,7
1,769,779
1,1,2
1,2,1
1,1,0
1,0,1
1,4,5
1,0,2
1,2,2
1,8,13
2,0,1
1,1,0
1,1,1
2,0,1
1,1,0
1,0,1
1,1,0
1,0,1
1,2,0
1,0,1
1,1,2
2,1,0
1,3,2
1,1,0
1,0,1
1,1,0
2,2,1
1,1,0
1,0,1
3,1,0
1,5,7
2,1,0
1,3,1
1,0,3
2,1,2
1,0,1
1,3,1
3,1,0
1,3,4
1,1,1
1,1,0
1,2,2
2,0,1
1,1,0
1,3,2
1,0,2
1,1,2
1,0,2
4,0,1
3,1,0
1,78,98
1,12,5
2,1,0
1,0,1
1,1,0
1,1,1
6,1,0
1,3,0
1,1,1
1,1,2
1,0,1
1,3,0
1,5,1
1,1,0
1,0,2
1,3,1
1,2,1
1,2,0
1,3,1
1,1,0
1,2,1
1,0,2
1,1,0
1,4,7
3,0,1
1,5,1
1,16,13
1,0,1
1,1,2
1,0,1
2,1,0
1,0,2
2,0,1
1,10,9
2,0,1
1,1,0
1,0,3
1,1,0
3,0,1
1,5,1
1,1,1
1,1,0
1,0,1
1,1,0
1,0,1
1,0,2
1,0,1
1,20,18
1,2,1
1,3,2
1,1,0
1,1,4
1,1,0
1,3,4
1,1,0
1,2,2
1,4,3
1,0,1
2,1,0
1,0,1
1,1,0
1,0,1
2,1,0
1,0,1
1,1,0
1,0,1
1,1,0
1,0,1
1,1,0
1,4,5
1,0,1
1,1,1
1,0,1
2,2,0
1,0,1
1,1,4
1,1,0
1,1,1
1,4,7
3,0,1
1,1,0
1,2,1
1,0,1
1,33,34
1,1,0
1,0,1
2,1,0
1,0,2
1,6,3
2,0,1
1,3,1
1,1,0
1,1,1
1,0,1
1,5,5
3,0,1
1,2,1
2,1,0
1,0,3
1,1,0
3,0,1
1,1,0
1,2,1
4,1,0
1,1,2
1,1,0
1,0,3
1,0,1
1,205,196
1,1,0
1,0,1
2,1,0
1,0,1
1,1,1
1,9,4
1,2,1
1,15,9
1,0,1
1,9,14
1,0,3
1,1,0
1,6,3
1,3,1
1,5,2
1,25,20
1,0,1
1,4,5
1,0,1
1,4,5
1,1,0
1,0,2
1,44,30
3,0,1
1,1,0
1,0,1
2,1,0
1,1,2
1,0,1
1,2,2
4,0,1
1,7,10
1,3,1
1,0,2
1,1,0
1,4,3
3,0,1
1,1,0
1,4,3
1,4,7
1,16,13
1,1,1
1,1,0
2,3,1
1,2,2
1,0,1
1,1,0
2,0,1
3,1,0
1,5,5
1,0,1
1,4,3
1,1,0
3,0,1
1,0,2
1,0,1
1,66,69
1,2,1
2,0,1
1,25,20
1,2,2
1,1,0
1,2,7
1,0,2
1,1,1
1,1,0
1,1,1
2,1,0
2,0,1
1,5,1
1,15,9
2,1,0
1,38,32
1,1,0
1,1,1
1,1,0
1,0,2
1,1,0
1,0,1
1,1,0
1,1,2
2,1,0
1,0,3
1,1,1
1,1,0
1,2,0
1,0,2
1,1,0
1,4,4
2,0,1
1,44,30
2,1,0
2,0,1
2,1,0
1,4,3
1,0,2
1,0,3
1,1,0
1,3,2
1,0,1
1,1,0
1,2,1
1,1,1
1,1,0
1,0,1
1,1,0
1,0,1
1,1,1
1,0,1
3,1,0
1,0,1
1,0,2
1,0,1
1,2,1
1,1,1
1,0,1
1,2,1
1,1,0
1,0,2
1,2,2
1,1,2
1,0,1
1,1,1
1,2,1
1,1,0
1,117,98
1,1,1
1,2,0
1,1,0
1,5,7
1,12,5
1,2,2
2,0,1
1,2,1
1,20,18
1,1,0
1,0,1
1,1,0
1,0,1
1,16,13
1,1,0
1,0,1
2,1,1
1,1,0
1,2,2
1,1,0
1,44,30
1,0,1
1,1,1
2,1,2
1,9,14
1,1,0
1,0,1
1,0,2
1,1,1
2,0,1
1,1,0
1,3,2
1,2,2
1,1,1
1,769,779
1,3,2
1,7,10
1,118,122
1,3,1
1,1,0
1,12,5
1,1,1
1,5,7
1,0,1
1,1,1
1,5,7
1,0,1
1,2,0
1,1,0
1,4,3
1,1,0
2,1,1
1,305,290
1,1,1
2,1,0
1,0,1
1,1,0
1,0,1
1,33,34
1,2,1
1,769,779
1,0,3
1,1,2
1,0,1
1,1,0
1,0,3
3,0,1
1,1,2
1,2,1
1,1,0
1,2,1
1,1,0
1,1,1
1,0,1
2,1,0
1,1,2
2,1,1
1,10,9
1,1,0
1,2,0
1,4,3
1,1,0
1,1,2
2,1,0
1,0,1
1,3,1
1,1,0
1,38,32
1,2,0
1,0,1
1,2,0
1,0,1
2,1,0
1,2,1
1,15,9
1,0,1
1,4,3
1,1,0
1,0,1
1,1,0
1,2,1
1,1,0
1,1,4
1,1,1
1,1,0
1,0,1
1,1,2
2,16,28
1,3,4
1,0,1
2,1,0
1,0,1
1,1,2
1,0,1
1,1,0
1,0,1
1,2,2
5,1,0
1,72,64
1,5,1
1,0,1
1,1,1
1,0,1
3,1,0
1,4,4
1,5,7
1,1,0
1,2,1
1,0,1
1,1,0
1,0,1
2,1,0
1,14,11
1,0,1
1,1,0
1,0,1
1,1,0
1,2,1
1,1,4
1,3,1
1,1,0
1,16,13
1,2,2
1,2,0
1,1,0
1,0,1
1,14,11
1,1,0
1,0,1
1,3,0
1,0,1
1,3,1
1,1,0
1,2,1
1,5,5
1,0,1
1,1,1
1,4,5
1,0,1
1,5,5
1,0,1
1,4,5
1,1,2
1,1,0
1,28,24
1,0,1
2,1,0
2,0,1
1,2,2
1,0,1
1,1,0
1,0,1
1,1,0
1,1,1
1,1,2
1,0,3
1,0,1
1,1,0
1,5,1
1,0,1
1,2,1
1,0,1
1,12,5
1,1,2
1,0,2
1,7,10
1,1,0
2,0,1
1,1,0
1,0,1
1,0,2
1,2,2
1,4,7
1,9,14
1,1,0
1,2,1
1,0,1
1,1,1
1,2,0
1,0,1
1,0,2
1,1,1
1,1,0
1,8,13
1,3,2
2,1,0
1,1,1
1,0,2
1,3,1
1,0,5
1,3,4
1,0,1
1,21,22
1,0,1
2,1,0
1,2,0
4,1,0
1,0,1
1,2,0
1,1,1
1,0,1
1,118,122
1,0,3
2,1,0
1,0,2
1,4,4
1,1,2
1,1,0
2,0,1
1,1,0
1,2,2
1,0,2
4,0,1
1,0,3
1,0,2
1,2,0
1,1,0
1,1,2
1,1,0
1,2,2
3,1,0
1,4,3
1,2,7
2,0,1
1,1,0
1,12,16
1,7,10
1,0,1
1,2,1
1,0,2
1,1,0
1,78,98
1,5,5
3,1,0
1,1,2
1,165,150
1,4,5
1,1,0
2,0,1
4,1,0
2,0,1
3,1,0
1,3,2
1,1,0
1,20,18
1,446,437
1,1,0
1,2,0
1,2,1
1,49,56
2,1,0
1,1,1
1,5,2
1,1,3
1,0,1
1,5,5
1,0,1
1,1,0
1,0,1
2,1,0
1,0,3
1,0,1
1,1,0
1,1,1
1,1,0
1,2,0
1,1,0
1,0,3
1,0,1
1,3,4
1,1,0
1,0,1
1,0,3
1,2,0
1,1,1
1,2,0
1,5,2
2,1,0
1,3,1
1,0,1
1,2,2
1,12,5
1,5,2
1,1,0
1,0,1
2,1,0
1,0,1
1,1,0
1,2,2
1,3,1
1,0,1
1,0,2
1,0,1
1,0,2
1,20,18
1,2,0
2,1,0
1,2,1
1,0,1
3,1,0
1,0,1
1,1,0
1,3,2
1,0,1
1,2,1
2,0,1
1,1,2
1,5,5
1,0,1
1,1,0
1,1,1
1,1,0
1,1,1
1,4,5
1,2,1
1,1,0
1,0,1
1,4,7
1,2,0
1,0,1
1,1,0
1,4,4
1,0,1
4,1,0
1,0,2
1,1,0
1,2,7
1,2,1
1,0,1
2,1,0
2,0,2
1,1,0
1,0,1
1,1,0
1,0,1
1,3,1
1,3,0
1,0,1
1,1,0
1,0,1
1,1,0
1,0,1
1,1,0
1,1,2
1,1,0
1,1,1
1,0,1
1,34,41
2,1,0
1,1,1
1,2,2
1,7,10
1,7,3
1,1,0
2,0,1
1,1,2
1,3,1
1,2,1
2,1,0
1,9,14
2,1,0
1,0,1
1,3,1
3,0,1
3,1,0
1,1,3
1,1,0
1,1,4
1,44,30
1,0,1
1,3,1
2,0,1
1,3,2
1,1,0
1,0,1
1,2,0
1,1,0
1,1,2
1,25,20
1,1,2
1,0,2
1,0,1
1,7,3
1,1,0
1,0,3
1,4,3
1,1,0
1,1,1
1,0,1
1,0,2
1,0,3
1,3,1
1,1,0
1,2,2
1,0,1
1,1,0
1,0,5
1,10,9
1,3,1
2,0,1
1,1,0
1,1,1
2,0,1
1,1,0
1,1,1
2,0,2
1,2,1
1,1,0
1,2,2
1,0,1
1,1,2
1,5,2
1,3,1
3,0,1
2,1,0
1,1,2
1,0,3
1,2,1
1,3,0
1,1,2
1,4,4
1,0,1
1,1309,1364
1,305,290
1,1,0
1,3,2
1,1,1
1,0,1
1,2,1
1,1,0
1,1,1
3,0,1
1,2,1
1,9,14
1,1,2
1,0,1
1,1,0
1,1,4
1,3,0
1,0,1
1,2,2
1,0,1
1,1,0
1,0,1
1,1,0
1,0,2
2,0,1
2,1,0
1,34,41
1,405,349
1,3,4
1,10,9
1,0,1
1,2,2
1,0,1
1,1,1
1,0,1
3,1,0
1,2,1
1,1,0
1,0,1
1,1,0
1,2,1
1,1,0
1,1,2
1,0,1
1,2,2
1,15,9
4,0,1
1,2,0
1,0,1
1,4,5
1,0,1
1,2,1
1,0,3
1,0,1
1,3,1
1,0,1
1,2,1
1,7,10
3,1,0
1,246,251
1,2,2
1,78,98
2,0,1
1,1,0
1,2,1
1,1,0
1,15,9
1,1,0
1,0,1
1,1,1
1,1,0
1,5,2
1,0,1
1,4,3
1,8,13
1,0,1
1,3,1
1,1,0
2,0,1
1,1,1
2,0,1
1,1,1
1,205,196
1,0,3
1,1,0
1,0,1
1,7,3
1,1,4
1,0,1
1,9,14
2,1,0
1,1,1
1,5,2
3,0,1
1,1,0
1,1,2
1,1,1
2,0,1
1,1,0
1,0,1
1,20,18
1,1,0
1,1,1
1,1,0
1,0,1
1,1,2
1,0,1
3,1,0
1,2,0
1,0,3
2,1,0
1,0,1
1,2,1
1,544,560
1,1,2
2,0,1
1,2,1
1,1,2
2,1,0
1,2,0
1,0,3
2,1,0
1,1,1
1,2,7
1,0,1
1,1,0
1,3,1
1,16,28
1,4,5
1,1,1
1,2,1
1,0,1
1,33,34
1,14,11
3,1,0
1,0,1
1,2,1
1,1,2
2,1,0
1,0,1
1,1,0
1,0,2
1,2,0
1,5,1
1,1,1
1,0,1
2,1,0
1,3,1
1,5,7
2,1,0
1,0,1
1,12,16
2,0,1
1,72,64
1,78,98
1,1,0
1,1,1
1,6,3
1,0,1
1,18,14
2,0,1
1,1,0
1,0,1
1,1,0
1,44,30
2,0,1
1,3,1
2,1,0
3,0,1
1,1,0
1,5,1
1,0,1
1,0,2
1,1,0
1,2,1
1,0,1
2,1,0
1,9,14
3,0,1
1,1,0
1,0,1
1,1,0
1,4,3
1,0,1
1,5,2
1,3,1
1,1,0
1,2,1
1,0,1
2,1,1
1,2,0
2,1,0
1,4,3
1,28,24
1,1,0
1,0,1
1,1,0
1,2,1
1,0,1
1,1,1
1,1,0
1,2,7
3,1,0
1,2,1
1,0,1
1,0,5
1,9,4
1,3,1
1,6,3
1,49,56
1,1,0
2,0,1
1,2,2
2,0,1
3,1,0
1,1,1
1,1,0
1,4,3
1,1,0
1,2,1
1,1,0
1,1,1
1,1,0
1,0,3
1,1,0
1,0,1
1,4,3
2,1,0
1,3,1
1,1,0
2,0,1
1,2,1
1,0,3
1,1,0
1,1,1
1,0,1
1,5,1
1,3,2
2,0,1
1,2,2
1,0,1
2,1,0
1,0,2
1,1,0
1,2,1
2,0,1
1,1,0
1,0,1
1,2,1
1,0,1
1,1,0
1,5,2
1,1,0
1,2,0
1,2,1
1,0,1
1,1,0
1,0,2
1,0,3
1,0,2
2,1,0
1,0,1
1,12,16
2,1,1
1,0,1
2,1,0
1,38,32
1,4,7
1,1,0
1,5,2
2,1,0
3,0,1
1,0,3
1,0,1
1,1,1
1,16,28
1,0,1
3,1,0
1,38,32
3,1,0
1,0,1
1,1,2
1,1,0
1,0,1
1,5,1
2,0,1
1,1,0
1,2,0
2,1,0
1,1,2
1,2,0
1,4,7
1,0,1
1,1,1
1,0,1
1,1,2
3,0,1
2,1,0
1,0,3
1,1,0
1,3,1
1,0,1
1,2,1
1,1,1
3,0,1
1,1,1
1,0,1
1,1,0
2,2,2
1,2,1
1,1,1
1,0,1
1,7,10
1,1,0
1,4,3
1,1,1
2,1,0
1,1,2
2,0,1
1,5,7
1,0,1
1,3,4
1,5,5
1,2,1
1,1,0
1,2,2
1,0,1
1,2,0
1,0,1
1,8,13
1,0,1
1,1,0
2,0,1
1,33,34
1,0,1
1,0,2
1,16,13
1,1,2
2,0,1
1,1,0
2,0,1
1,1,0
2,0,1
2,1,2
1,1,0
2,0,1
1,0,3
1,0,1
1,5,2
1,1,4
4,0,1
1,2,2
1,1,3
1,0,3
1,0,1
3,1,0
2,5,7
1,0,1
1,1,0
1,12,16
1,1,0
1,1,1
1,1,0
1,16,28
1,1,2
1,1,0
1,0,1
1,1,2
1,33,34
1,0,3
1,1,0
1,3,2
1,2,1
1,4,4
1,3,1
1,5,5
1,0,1
1,1,1
1,0,1
1,1,0
1,0,2
2,1,0
1,0,1
1,1,0
1,0,1
2,1,0
1,0,1
1,2,1
1,2,2
1,1,0
1,1,1
1,2,2
1,2,1
1,1,0
1,2,2
1,1,3
1,1,2
1,1,0
1,0,1
1,33,34
1,0,1
1,5,5
1,4,7
1,1,0
1,0,2
2,1,0
1,1,1
2,1,0
1,1,1
1,12,5
2,1,0
1,0,3
2,1,0
1,0,3
1,1,0
1,0,1
4,1,0
1,66,69
1,1,1
1,1,3
1,1,1
1,0,1
1,5,5
3,1,0
1,0,1
1,446,437
2,0,1
1,1,2
2,1,0
1,6,3
1,1,0
1,0,1
1,2,2
1,1,0
1,1,2
1,0,1
1,1,0
1,0,1
1,1,4
1,1,2
1,205,196
1,165,150
3,0,1
1,1,1
1,1,0
1,0,1
1,1,2
3,1,0
1,1,1
1,2,1
1,1,1
2,1,0
1,0,2
1,1,4
2,0,1
1,1,0
1,0,1
1,2,1
1,165,150
1,1,0
1,0,3
1,1,0
1,0,1
2,1,0
1,0,1
1,1,0
1,0,1
1,1,0
1,117,98
1,1,0
1,2,1
1,2,2
1,1,1
1,0,1
1,4,7
1,5,2
1,1,0
1,8,13
1,0,1
1,1,0
1,2,1
1,1,0
2,0,1
1,2,0
3,1,0
1,1,2
1,1,0
1,0,5
1,25,20
2,1,0
1,1,1
1,0,1
1,165,150
1,1,0
1,0,2
1,2,2
1,246,251
1,2,2
1,1,2
1,21,22
1,2,1
1,0,1
1,5,2
1,0,1
1,1,0
2,0,1
1,1,0
1,1,1
1,1,0
1,0,1
1,1,0
1,0,1
1,3,2
2,0,1
1,1,2
1,0,1
1,1,1
1,0,1
4,1,0
1,0,1
1,2,0
1,1,0
2,0,1
1,1,1
1,1,0
1,2,1
1,12,5
1,1,2
1,1,0
1,21,22
1,1,0
1,0,2
1,2,2
1,246,251
1,1,0
1,1,1
1,0,2
1,1,2
1,49,56
3,1,0
1,3,1
1,0,3
1,7,10
1,0,1
1,1,0
1,5,5
1,3,2
1,3,0
1,20,18
1,1,0
1,1,1
1,0,1
1,0,5
1,6,3
2,1,0
1,1,1
1,2,2
1,1,2
2,2,2
1,0,1
1,1,0
1,0,1
1,1,0
1,2,0
1,2,1
1,1,0
1,0,1
1,1,0
1,1,1
1,1,0
1,3,2
1,2,2
1,0,3
2,0,1
2,1,0
1,2,1
1,1,0
2,0,1
1,1,0
1,0,1
1,1,0
1,3,1
1,1,3
1,5,5
1,0,1
1,1,0
1,0,1
1,1,0
1,2,0
1,1,0
1,1,1
1,0,3
1,1,0
1,2,7
2,0,1
3,1,0
1,1,2
1,1,0
1,2,7
1,1,0
1,0,2
1,0,1
1,5,2
1,1,0
1,0,1
2,0,2
1,1,0
1,1,1
1,0,3
1,0,1
1,5,2
1,1,0
1,4,3
1,1,0
1,5,1
1,2,2
1,5,2
1,2,1
3,1,0
1,0,2
1,0,1
1,9,14
1,1,2
2,0,1
1,2,2
1,4,4
1,4,7
2,0,1
1,4,4
1,0,1
1,25,20
2,1,0
1,0,1
1,1,0
1,12,5
1,16,13
1,1,0
1,2,2
1,1,4
1,1,0
1,3,4
1,0,1
1,1,1
1,0,1
1,1,0
1,118,122
1,1,0
1,4,3
1,3,1
1,1,1
1,3,1
1,0,1
1,1,0
1,0,1
1,205,196
2,0,1
1,1,0
1,0,1
1,25,20
1,0,1
5,1,0
1,0,1
1,1,0
2,0,1
1,0,2
1,0,1
1,2,2
1,3,4
1,0,2
1,1,0
1,0,2
4,0,1
1,0,2
1,1,1
1,1,0
2,0,1
1,20,18
1,0,1
1,0,2
2,1,0
1,0,3
2,1,0
1,72,64
1,0,2
1,1,0
1,0,1
1,9,4
1,1,0
1,0,1
1,2,0
1,1,0
1,117,98
2,0,1
1,2,1
2,1,0
1,0,3
1,1,0
1,2,1
1,4,5
1,1,0
1,1,1
2,1,0
1,0,1
1,0,2
1,0,1
1,5,1
1,2,1
1,2,2
1,2,0
4,1,0
1,0,1
1,1,2
1,1,0
1,4,5
1,0,1
1,1,1
1,0,1
1,4,7
1,0,2
1,0,1
1,5,5
1,2,0
1,1,0
1,0,1
1,5,2
1,1,0
1,2,1
1,4,3
2,1,0
2,0,1
1,1,0
1,0,1
1,3,4
1,4,4
1,0,1
1,1,2
1,0,1
2,1,0
1,0,1
1,2,1
2,1,0
1,2,0
1,8,13
2,1,0
1,0,1
1,1,2
1,0,1
1,1,1
1,3,1
1,2,1
2,1,0
1,1,1
1,1,0
1,2,0
3,0,1
2,1,0
1,789,784
2,2,1
1,0,3
2,0,1
1,1,2
1,1,0
1,0,1
1,6,3
1,1,0
1,0,1
1,3,1
1,0,1
1,1,0
1,4,4
1,0,1
2,1,0
1,1,1
1,1,0
1,1,1
1,0,1
1,25,20
1,1,0
1,0,1
1,9,14
1,1,0
1,25,20
1,16,28
2,1,0
1,0,1
1,4,4
1,1,0
1,0,1
1,1,0
1,1,1
2,1,0
1,34,41
1,12,5
3,0,1
2,4,4
1,1,0
2,5,5
1,25,20
1,1,0
1,2,1
1,0,1
1,1,2
1,0,1
1,1,0
1,1,2
1,2,0
1,0,1
1,1,0
1,14,11
2,1,0
1,2,1
1,1,0
1,3,1
1,0,1
3,1,0
1,1,1
1,0,2
1,0,1
1,3,2
2,1,0
1,0,1
1,20,18
1,0,2
1,1,0
1,0,1
1,1,0
1,2,0
2,1,0
1,1,3
1,14,11
1,2,0
1,1,0
1,0,1
1,12,5
1,1,0
1,1,1
1,1,0
1,0,2
1,1,0
1,1,2
1,0,1
1,0,3
1,1,0
1,0,1
1,72,64
1,0,1
1,1,0
3,0,1
1,4,3
1,0,1
1,1,2
1,0,2
2,1,0
1,0,2
1,1,1
1,0,1
1,1,0
1,0,1
1,2,0
1,1,0
1,2,2
3,1,0
1,1,1
1,3,1
1,2,2
1,1,1
2,1,0
2,0,1
1,2,0
2,1,0
2,0,1
1,1,2
1,2,7
1,2,2
1,0,2
1,1,2
1,1,0
1,14,11
1,0,1
1,3,4
1,1,0
1,4,3
1,5,1
1,1,2
3,0,1
1,1,0
1,117,98
1,2,0
1,1,1
1,0,3
2,1,0
1,38,32
1,0,1
1,1,2
1,2,0
2,0,1
1,7,10
1,14,11
1,2,1
1,15,9
1,1,0
1,1,2
2,0,1
1,1,0
1,0,1
1,1,1
1,3,1
1,0,1
1,20,18
1,15,9
1,1,0
1,0,2
1,0,1
1,1,1
1,1,0
2,2,1
1,1,0
3,0,1
2,1,0
1,1,1
2,1,0
1,3,1
1,2,1
2,1,0
1,4,3
1,2,1
1,0,1
1,2,1
1,33,34
1,1,4
1,0,1
1,3,2
1,0,2
1,0,1
1,1,0
1,0,1
1,165,150
1,15,9
1,0,1
1,0,2
1,1,0
1,5,5
2,1,0
1,8,13
3,1,0
1,2,7
2,0,1
1,0,3
1,0,1
1,2,0
1,1,0
1,2,2
1,3,1
1,0,3
1,6,3
1,2,1
1,0,1
2,1,0
1,0,2
1,2,1
1,1,0
1,0,1
1,2,1
1,1,0
1,0,3
1,2,1
1,5,5
1,0,1
1,1,0
1,0,1
3,1,0
1,2,1
1,0,1
1,4,3
2,1,0
1,2,0
2,1,0
1,2,1
1,1,0
1,2,1
1,1,1
1,0,1
1,1,0
1,5,2
1,2,1
1,9,4
2,0,1
1,1,4
1,2,0
2,2,1
1,1,0
1,1,1
1,4,4
1,1,1
1,1,0
1,12,16
1,0,1
1,1,0
1,0,1
1,4,7
1,0,1
1,1,0
1,2,1
1,1,1
1,0,1
1,1,0
1,3,0
2,1,0
1,5,1
1,4,5
1,1,0
1,0,1
1,0,2
1,1,0
1,38,32
1,0,1
1,3,0
1,0,2
1,1,2
1,0,1
1,0,2
2,1,0
1,3,2
1,1,0
2,0,2
2,0,1
1,1,0
1,8,13
1,1,0
1,3,1
1,1,0
1,1,2
3,1,0
2,0,1
1,16,13
2,1,0
2,0,3
1,0,1
1,2,2
1,0,1
1,5,2
2,1,0
2,0,1
1,2,2
1,0,1
2,1,1
1,0,1
1,2,2
3,0,1
1,1,0
1,9,14
1,0,1
1,12,16
1,1,4
1,2,1
1,3,1
1,1,4
1,12,5
1,0,2
2,0,1
1,0,2
1,2,1
1,0,1
1,1,0
1,0,2
1,0,1
2,1,0
1,0,1
1,1,0
1,0,1
1,1,0
1,1,2
1,9,14
1,1,0
1,2,1
1,0,1
1,2,1
1,0,1
1,1,1
1,0,1
1,4,4
1,0,2
1,1,0
1,0,1
2,1,0
1,0,1
1,1,1
1,2,2
1,1,1
1,5,5
1,1,0
3,0,1
1,0,3
1,4,3
2,1,0
2,0,1
1,66,69
1,1,0
1,7,3
3,1,0
1,4,3
1,1,0
1,0,1
1,3,4
1,2,0
1,0,2
4,0,1
1,38,32
1,1,0
1,1,2
1,1,0
1,4,3
2,0,1
1,1,0
1,0,1
1,1,0
1,0,1
1,5,1
2,1,0
1,0,3
1,4,3
2,0,1
1,3,1
1,1,0
1,1,2
1,1,0
1,0,1
1,1,1
1,2,1
1,0,5
1,5,2
2,1,0
1,0,3
1,2,2
1,0,2
1,49,56
1,2,2
1,0,1
2,1,0
1,1,1
1,0,1
2,4,3
2,0,1
3,1,0
1,2,0
1,1,0
1,21,22
1,0,1
1,15,9
1,2,1
1,0,1
1,1,0
1,0,1
1,4,4
1,1,0
1,0,1
2,1,1
1,4,4
1,1,0
1,0,1
4,1,0
1,1,1
1,446,437
1,0,1
1,1,3
1,5,2
1,0,1
1,1,0
1,1,4
1,1,0
1,4,5
1,0,1
1,3,1
1,1,4
1,0,2
1,305,290
1,1,1
1,1,0
1,0,2
1,2,2
1,0,1
1,1,0
1,0,1
1,1,0
1,1,1
1,4,4
1,1,1
1,2,1
1,4,5
1,1,0
1,0,1
1,1,2
2,1,0
1,4,3
2,1,0
1,2,2
1,1,2
1,0,1
2,0,2
1,1,0
2,1,1
1,4,3
1,5,2
1,0,1
2,1,0
1,0,1
1,0,5
1,0,1
1,1,1
1,0,1
1,0,2
1,9,14
1,1,0
1,0,1
1,1,0
1,2,1
1,4,3
1,5,5
1,0,1
1,2,0
1,0,1
1,34,41
1,2,0
1,4,4
1,1,0
1,0,1
1,4,5
1,0,3
2,0,1
1,2,1
1,3,4
1,1,0
1,0,5
1,0,1
1,2,2
1,1,0
1,118,122
1,1,0
1,0,1
2,1,0
1,1,1
1,2,1
3,1,0
1,14,11
3,1,0
1,1,2
1,1,1
3,0,1
1,7,10
1,0,1
2,1,0
1,21,22
2,0,1
1,2,1
1,1,0
1,0,1
1,0,2
1,1,0
1,4,3
1,0,3
2,0,1
1,1,1
1,0,1
1,1,2
1,0,1
2,1,0
1,0,1
1,1,0
1,1,2
1,1,0
2,1,1
1,0,1
1,2,2
1,3,1
1,1,1
1,21,22
1,0,1
1,1,2
2,1,0
1,0,1
1,1,1
1,1,0
1,3,0
1,0,2
1,4,7
1,1,0
1,1,1
1,0,1
2,1,0
2,0,1
1,2,2
1,1,0
1,1,4
1,1,0
1,6,3
1,3,2
1,4,5
1,0,1
1,2,0
1,34,41
1,0,3
1,0,1
3,1,0
1,0,1
1,1,0
1,2,1
1,0,1
1,28,24
1,7,10
1,21,22
1,4,7
1,3,0
1,0,1
3,1,0
1,2,1
1,0,1
1,1,0
1,16,28
1,0,1
1,1,2
3,1,1
1,1,0
1,3,1
1,1,0
1,4,4
1,1,4
1,5,2
1,1,0
2,0,1
1,2,1
1,4,5
1,6,3
1,1,0
1,15,9
1,1,0
2,0,1
1,2,1
2,1,0
1,0,1
1,1,1
1,4,3
1,2,1
1,446,437
1,3,1
2,1,0
1,0,1
1,1,1
2,1,0
1,0,3
1,0,1
2,1,0
1,0,1
1,1,2
2,1,0
1,0,1
1,1,0
1,2,0
1,18,14
1,16,13
1,25,20
1,0,1
1,0,3
1,10,9
1,72,64
1,1,0
1,2,1
2,1,0
1,2,2
3,1,0
1,1,1
1,2,0
1,246,251
2,1,1
1,0,2
1,1,0
1,0,1
2,1,0
3,0,1
1,1,0
1,5,5
1,0,1
2,1,0
1,0,1
1,1,0
1,44,30
4,1,0
1,4,7
2,0,1
1,0,2
1,2,2
1,0,1
1,1,1
1,1,0
1,0,1
1,1,2
1,0,1
1,5,5
1,1,1
1,0,1
1,1,3
1,0,1
1,0,3
1,0,1
1,1,0
1,0,1
1,1,0
1,0,1
1,2,2
1,4,5
1,0,1
1,7,3
3,0,1
1,8,13
1,789,784
2,0,1
1,1,2
1,1,1
1,5,1
1,1,1
1,0,2
1,2,0
1,0,2
1,0,1
1,4,4
1,0,1
2,1,0
1,5,2
1,0,1
1,0,2
1,4,7
1,72,64
2,1,0
1,2,1
1,2,2
1,4,3
1,0,2
1,1,1
1,0,2
2,1,0
3,0,1
1,0,2
2,1,0
1,2,1
1,1,0
1,0,2
1,16,13
1,5,5
1,1,1
1,1,0
1,0,1
1,1,0
1,0,1
1,1,0
2,0,1
1,5,5
1,1,2
1,3,1
1,0,2
1,2,2
1,3,1
1,4,5
1,1,0
1,0,1
1,1,2
1,2,0
1,5,5
1,3,4
1,1,0
1,28,24
1,1,0
1,0,1
1,0,5
1,1,0
1,2,0
1,0,1
1,4,4
4,0,1
1,0,2
1,2,1
2,1,0
1,0,2
1,3,1
1,2,0
1,1,0
1,2,0
2,1,0
1,2,1
1,0,1
1,1,1
1,1,0
1,0,2
1,0,1
1,2,2
1,2,0
1,446,437
1,0,2
2,2,0
1,14,11
2,2,1
1,1,0
1,1,1
1,1,0
1,5,2
1,2,1
1,7,3
1,0,1
1,5,5
1,1,0
1,0,1
1,1,0
1,0,1
1,5,5
1,5,1
1,3,1
1,2,1
1,3,0
1,1,0
1,0,1
1,5,7
1,2,0
1,0,1
1,1,2
1,0,1
1,1,0
1,1,1
1,9,4
1,0,1
1,3,1
1,1,0
1,0,1
1,5,5
1,0,1
1,0,2
1,0,1
1,1,0
1,72,64
1,1,0
3,0,1
1,4,4
1,1,2
1,0,1
1,2,2
1,1,4
1,0,1
1,1,0
3,0,1
1,2,0
1,1,0
1,5,2
2,1,0
1,21,22
2,0,1
2,1,0
1,0,1
1,0,2
1,4,3
1,0,1
1,1,0
1,0,1
1,1,0
1,1,1
2,0,1
1,1,0
1,1340,1333
1,0,1
1,3,0
1,1,2
2,1,0
1,0,2
1,1,0
2,0,1
1,0,2
1,0,1
1,3,0
2,0,2
1,1,0
1,2,1
2,1,0
1,0,1
1,3,2
1,1,0
1,0,1
1,1,0
1,2,2
1,4,4
1,205,196
1,2,1
1,72,64
1,0,1
1,4,3
1,0,1
1,2,2
1,2,1
2,1,0
1,3,2
1,1,0
1,44,30
1,3,1
1,0,1
1,1,0
2,0,1
1,5,2
1,2,2
3,1,0
1,2,2
1,2,0
1,1,0
1,2,2
1,2,1
3,1,0
1,1,2
1,0,1
1,1,0
1,0,1
1,8,13
1,1,0
1,0,1
1,0,3
1,14,11
1,1,0
1,0,1
1,1,0
2,0,1
1,1,1
1,7,10
1,1,0
2,0,1
1,3,4
1,7,3
2,1,0
1,72,64
1,0,1
1,3,2
1,0,1
1,2,0
1,1,0
1,0,1
1,1,0
2,0,1
1,1,0
1,2,0
1,2,2
2,0,1
1,1,0
2,0,1
2,1,0
1,0,1
1,0,2
2,1,0
1,2,1
1,0,1
1,14,11
1,2,0
1,15,9
2,0,1
1,2,0
1,0,5
1,1,0
1,0,1
1,7,3
1,5,5
1,33,34
3,1,0
1,0,1
1,1,0
1,49,56
1,1,0
1,7,10
2,1,0
1,0,1
1,2,1
1,1,0
2,0,1
2,1,0
3,0,1
1,49,56
1,2,2
1,1,1
2,0,1
1,1,0
1,0,1
2,1,0
1,2,0
1,1,0
1,1,1
2,1,0
1,0,1
1,0,3
1,2,2
1,0,1
1,2,1
2,1,0
2,0,1
1,1340,1333
1,1,0
1,9,4
1,1,2
1,1,1
1,0,2
1,1,2
1,28,24
1,5,2
3,1,0
1,1,2
1,2,2
1,7,3
1,9,4
1,0,1
1,1,0
1,2,2
2,0,1
1,49,56
1,1,1
1,5,1
1,0,1
1,1,1
1,1,0
4,0,1
1,5,2
1,66,69
1,0,3
1,1,0
1,14,11
1,1,2
1,1,0
1,9,4
1,0,1
1,2,2
1,34,41
1,0,2
1,1,0
1,1,2
1,5,2
1,5,7
1,2,2
1,21,22
1,49,56
2,1,0
1,2,0
1,1,1
2,0,1
1,3,0
1,2,1
2,1,0
1,0,2
2,0,1
1,2,2
1,2,1
1,2,2
2,0,1
1,1,0
1,6,3
1,2,2
1,1,1
3,1,0
1,0,1
1,1,2
1,0,1
1,0,3
1,2,0
2,0,1
1,2,0
1,4,3
2,0,1
1,117,98
1,1,1
1,1,4
1,1,0
1,1,1
1,2,0
1,0,1
1,16,13
1,9,4
1,9,14
1,0,1
1,5,2
1,2,0
2,1,0
1,2,0
2,1,0
1,2,0
1,4,3
2,1,0
1,0,1
1,2,2
1,1,2
1,1,0
1,0,2
1,0,1
1,1,0
1,0,1
1,1,0
1,0,1
1,2,0
1,1,0
1,2,2
1,1,0
1,0,1
1,1,1
1,0,1
1,4,4
1,1,3
1,3,1
2,0,1
2,1,0
1,1,2
1,1,1
1,0,1
2,1,0
1,4,5
1,1,0
1,0,1
1,1,0
1,0,1
4,1,0
1,0,1
1,0,3
1,0,1
1,14,11
1,1,0
1,0,1
1,1,0
2,0,1
2,1,0
1,21,22
1,4,4
1,1,0
1,0,3
1,1,0
1,0,1
1,0,5
3,1,0
1,0,1
1,1,0
1,0,1
1,1,1
1,1,0
1,8,13
1,0,5
1,1,0
1,1,1
1,1,0
1,21,22
1,1,0
1,0,1
1,16,13
1,0,1
1,1,1
1,0,2
1,12,16
1,1,0
2,0,1
1,1,1
1,0,1
1,2,1
1,1,0
1,0,3
1,1,0
1,0,1
1,1,4
1,1,0
1,0,2
1,1,3
1,0,1
1,5,1
1,7,3
1,0,1
1,0,3
1,0,1
1,5,2
1,2,2
1,0,1
1,1,0
1,2,0
2,1,0
1,1,1
1,0,2
2,0,1
1,1,0
1,18,14
1,1,2
1,2,1
1,0,1
1,38,32
1,3,1
1,1,0
1,1,2
1,2,2
1,1,0
1,2,1
1,12,16
1,4,5
1,0,1
1,205,196
1,0,1
1,1,0
1,1,1
1,4,5
1,21,22
3,1,0
1,15,9
1,0,1
1,3,2
1,5,5
1,3,0
2,0,1
1,5,1
1,1,4
3,1,0
1,205,196
1,4,3
1,0,1
1,1,0
1,4,3
1,0,1
1,2,7
2,0,1
1,44,30
1,1,0
1,0,2
1,72,64
1,1,0
3,0,1
1,4,3
1,0,1
1,1,0
2,0,1
1,1,0
1,1003,1048
2,1,1
1,1,0
1,1,1
1,0,1
1,1,0
1,0,1
1,1,0
1,2,2
1,1,2
1,1,0
1,1,1
1,0,1
1,3,1
1,2,0
1,0,2
1,2,1
2,1,0
1,2,2
1,1,0
1,2,1
3,0,1
1,2,0
1,0,1
1,1,3
1,6,3
1,1,0
1,4,4
1,2,7
2,1,0
1,1309,1364
1,0,2
1,0,1
1,2,2
1,0,1
1,1,0
1,0,1
3,1,0
1,0,1
1,1,2
1,0,1
1,2,2
1,4,5
1,2,1
1,5,1
1,4,4
1,78,98
1,1,0
1,3,1
1,0,3
1,2,1
2,1,0
1,1,3
1,2,0
1,1,0
1,2,7
1,3,1
1,0,2
4,0,1
1,1,0
1,0,2
1,2,2
1,2,0
1,1,0
1,0,1
1,1,0
1,33,34
1,1,1
1,9,4
1,68,88
1,44,30
1,1,0
2,0,1
1,14,11
1,1,0
1,0,1
1,2,2
2,0,1
2,1,0
1,68,88
1,2,1
3,0,1
1,4,4
1,3,0
2,1,0
2,2,1
1,28,24
1,1,0
1,4,4
2,0,1
1,0,2
1,7,10
1,0,1
1,1,0
1,1,1
1,0,5
1,0,1
1,5,5
1,4,3
1,0,1
1,1,1
1,0,1
1,1,1
1,1,2
1,16,13
1,1,0
2,2,2
1,25,20
2,1,0
1,1,1
1,1,2
1,0,2
1,0,1
1,1,0
1,3,0
1,1,0
1,1,1
1,0,1
1,1,0
1,68,88
1,7,10
2,1,2
1,7,3
1,1,0
1,305,290
1,0,1
1,769,779
1,1,0
1,1,1
1,72,64
1,3,4
2,1,0
1,0,1
1,2,2
1,0,1
1,1,0
1,2,2
1,0,1
1,3,1
1,0,2
1,1,1
1,8,13
1,3,1
1,5,2
2,1,0
2,0,1
1,1,0
1,1,2
1,0,1
1,4,4
1,1,0
2,0,1
1,14,11
1,1,2
3,1,0
1,0,3
2,1,1
1,1,4
1,1,2
2,1,1
1,2,0
1,0,1
1,1,4
1,4,7
1,1,0
1,1,1
1,1,0
1,3,1
1,0,1
1,1,0
1,2,1
1,0,1
2,1,0
1,5,5
1,3,1
1,1,1
1,0,2
1,7,3
1,2,1
1,2,0
1,1,0
1,1,4
1,7,3
1,1,0
1,0,1
1,1,2
1,0,1
2,1,0
1,0,1
1,1,4
1,0,2
1,1,0
1,0,1
1,3,1
4,0,1
1,2,1
1,1,0
1,0,1
1,0,2
1,1,0
1,165,150
2,0,1
1,0,2
1,4,4
1,1,0
1,0,1
1,1,0
1,0,1
1,2,1
1,4,3
1,1,2
1,0,5
1,1,0
1,0,1
1,1,1
3,1,0
1,0,1
1,18,14
1,1,0
1,0,5
1,1,0
1,2,1
1,0,1
1,3,1
2,1,0
2,0,1
1,25,20
1,4,7
1,1,0
2,0,1
1,2,2
1,3,2
1,0,1
1,2,1
1,0,1
1,0,2
1,0,3
1,3,4
1,1,0
1,4,5
1,0,1
1,3,4
1,4,7
1,1,0
3,0,1
1,12,5
1,1,0
1,0,1
1,1,0
1,2,0
1,0,1
1,1,0
1,1,2
1,1,1
1,0,1
1,2,1
1,0,1
2,1,0
1,3,0
1,0,1
2,0,2
1,1,0
1,0,1
1,1,0
1,0,1
1,2,1
1,0,1
1,1,1
1,0,1
1,1,0
1,0,1
1,2,1
1,1,0
1,5,1
1,0,1
1,1,0
1,1,1
1,1,0
1,49,56
1,4,7
1,1,3
2,0,1
1,1,1
1,3,4
1,2,1
1,1,0
1,4,7
1,0,1
1,1,1
1,1,0
1,3,1
1,4,3
1,2,1
1,0,3
1,0,1
2,2,2
2,1,0
1,1,2
1,0,1
1,1,0
1,0,3
1,0,1
1,2,1
1,0,1
1,1,0
1,1,1
1,0,1
1,2,2
1,544,560
1,1,2
2,1,0
3,0,1
1,1,1
1,0,2
1,0,1
1,8,13
1,4,3
1,0,1
1,0,2
2,0,1
1,2,2
1,3,1
2,3,4
3,1,0
1,3,2
2,0,1
1,4,3
3,1,0
1,0,1
1,1,0
1,3,1
1,1,0
4,0,1
1,1,0
1,3,1
1,1,0
1,0,2
3,1,0
1,14,11
1,1,0
1,3,1
1,1,0
1,20,18
3,0,1
2,1,0
1,1,1
1,0,1
1,10,9
1,1,0
1,0,1
3,1,0
1,0,1
2,1,0
1,3,1
1,1,0
1,2,2
1,1,1
1,2,7
2,5,2
1,0,1
1,1,1
1,2,1
1,5,1
1,2,0
2,1,0
1,1,1
1,0,1
2,1,0
1,1,1
1,0,1
1,4,4
1,0,1
1,4,3
1,18,14
1,4,7
1,1,0
1,2,0
1,0,1
1,2,1
1,0,1
1,7,10
1,1,2
1,5,1
1,1,0
2,1,2
2,0,1
1,1,0
1,0,3
1,20,18
2,1,0
1,0,1
1,0,5
1,1,0
1,1,1
1,18,14
1,1,1
1,0,1
1,3,2
1,1,0
1,4,4
1,14,11
1,1,0
1,1,1
1,4,5
2,1,0
1,2,1
2,1,0
1,2,0
1,1,1
2,0,1
1,1,0
1,0,1
1,1,0
1,0,1
1,4,5
1,1,0
1,2,2
1,12,5
1,1,0
1,9,4
1,0,2
1,1,0
1,10,9
1,0,1
1,4,3
1,1,1
1,1,0
1,0,3
1,0,1
1,1,2
3,0,1
1,3,0
1,0,1
1,5,5
1,5,7
1,1,0
1,3,1
1,1,1
1,1,4
1,1,0
1,0,2
1,1,2
1,2,1
1,1,0
1,4,5
2,0,1
1,0,2
1,2,1
1,2,2
1,0,1
3,1,0
1,5,1
1,0,1
1,4,3
1,1,2
1,0,1
1,1,0
1,0,1
3,1,0
1,0,1
1,38,32
1,1,2
1,1,0
1,16,28
1,0,1
1,2,0
1,2,1
1,5,2
1,25,20
1,0,1
1,2,2
1,1,2
1,0,1
2,1,0
1,1,1
1,1,0
1,0,3
1,0,1
1,0,2
1,12,16
1,0,1
1,1,0
1,1,1
1,5,5
2,0,1
1,2,2
1,1,1
2,1,0
3,0,1
1,1,2
1,1,0
1,5,7
3,0,1
2,1,0
1,0,1
3,1,0
1,20,18
1,1,1
1,5,5
1,1,0
1,4,5
1,0,1
1,28,24
1,4,7
2,1,0
1,0,1
1,1,0
2,0,1
1,2,1
1,15,9
1,6,3
1,0,3
1,1,1
1,1,0
6,0,1
1,1,0
1,2,2
2,1,0
1,0,1
1,1,2
1,16,28
1,0,1
1,1,2
3,1,0
1,0,1
1,1,0
1,2,2
1,1,0
1,305,290
2,0,1
1,8,13
2,0,1
1,1,0
2,0,1
1,1340,1333
1,0,1
1,1,0
1,0,1
2,1,0
1,12,5
1,1,2
1,18,14
1,1,0
1,2,1
2,1,0
1,3,2
1,1,1
1,1,0
1,2,1
3,1,0
1,0,1
1,1,1
2,1,0
1,1,2
1,1,0
1,12,16
2,0,1
1,1,3
1,4,3
2,1,0
1,0,1
1,4,3
1,1,0
1,0,1
5,1,0
1,66,69
1,1,0
1,1,2
1,3,2
1,0,1
1,0,3
1,9,4
1,0,1
1,4,7
1,1,0
1,6,3
1,2,2
1,1,0
1,7,3
1,1,1
1,0,1
1,0,2
1,1,1
1,2,0
1,0,1
1,2,0
1,1,1
1,0,1
1,1,2
1,1,0
1,7,10
1,1,1
1,1,0
1,0,1
1,4,4
1,5,2
1,0,1
1,2,1
2,0,1
1,1,1
1,5,5
1,0,1
1,5,7
1,0,1
2,1,0
1,4,3
1,0,2
1,2,1
1,1,0
1,0,1
1,2,1
1,0,2
1,2,1
1,0,1
1,3,2
1,5,5
1,1,0
2,0,1
1,2,0
1,1,0
2,0,1
1,0,3
1,12,5
1,1,0
1,0,1
1,4,3
1,1,2
1,0,3
3,1,0
4,0,1
2,1,0
1,0,1
1,1,2
1,0,1
1,1,0
2,1,1
1,0,1
1,0,3
2,1,0
1,1,1
1,5,5
1,0,1
1,0,2
1,0,1
2,1,0
1,0,1
2,1,0
1,0,3
1,2,0
1,2,2
1,4,4
1,1,0
3,0,1
1,16,28
1,1,0
1,12,5
1,1,0
1,0,1
1,1,0
1,28,24
1,1,0
1,0,1
3,1,0
1,3,1
1,0,1
1,1,0
2,0,1
1,5,2
1,2,2
1,0,1
2,1,0
1,1,1
2,0,1
1,7,3
2,1,0
2,0,1
1,1,0
1,7,3
1,1,2
1,1,0
2,0,1
1,1,1
1,3,0
1,3,2
1,0,2
1,1,1
1,3,1
1,66,69
1,7,10
1,1,0
1,4,4
1,1,0
1,1,1
1,0,1
1,1,0
2,0,1
1,1,0
1,34,41
1,1,0
1,1,2
1,0,1
2,1,0
1,0,1
1,3,1
1,0,1
3,1,0
1,1003,1048
1,1,0
1,0,1
1,2,1
2,0,1
1,7,10
1,1,0
1,0,1
3,1,0
1,2,2
1,0,1
1,28,24
1,1,0
1,3,1
1,0,2
1,3,4
2,0,1
1,0,2
1,12,16
1,1,1
2,1,0
1,0,2
2,1,0
1,0,2
1,2,7
1,2,1
1,68,88
2,0,1
1,1,0
1,9,4
1,3,0
1,5,2
1,18,14
1,0,1
1,1,0
2,0,1
1,3,1
1,1,0
1,5,1
1,0,1
1,0,3
1,1,0
1,3,1
1,1,1
1,5,5
2,0,1
1,1,0
1,0,1
1,1,0
1,2,1
1,5,7
1,1,0
1,1,2
1,0,2
2,1,0
1,0,1
1,3,1
1,1,0
1,7,10
1,0,2
1,1,0
1,2,1
1,0,1
1,1,0
1,33,34
1,1,0
1,2,1
1,0,1
1,2,1
1,0,2
2,1,0
1,38,32
1,4,4
1,0,1
2,1,0
2,0,1
1,2,7
1,0,1
3,1,0
1,0,1
1,1,1
1,4,4
1,1,0
1,0,1
1,1,0
1,0,1
1,0,2
1,3,4
1,1,0
1,0,1
1,4,3
1,1,0
1,0,1
1,1,1
1,1,0
1,0,1
1,5,5
1,5,7
1,1,1
1,1,0
1,3,1
1,12,16
1,0,1
1,1,0
1,0,1
1,2,2
1,0,3
1,0,1
1,0,3
1,2,2
1,72,64
1,0,1
3,1,0
1,3,0
1,1,1
1,0,1
1,2,1
1,2,2
1,0,2
1,0,1
1,2,1
1,0,2
1,1,0
1,0,1
2,2,2
1,8,13
1,1,1
1,78,98
1,2,7
1,1,0
1,1,1
1,1,0
1,2,2
2,0,1
1,5,5
2,0,1
1,9,4
1,246,251
2,0,1
1,1,4
1,1,0
1,72,64
1,0,1
1,12,5
1,0,2
1,0,1
1,2,2
3,1,0
1,1,3
1,10,9
1,0,1
1,1,0
1,0,1
1,1,0
1,1,1
1,0,1
1,2,7
1,0,2
4,0,1
1,3,1
1,1,0
1,5,5
1,0,5
1,3,2
1,7,3
1,0,1
1,165,150
1,0,1
2,1,0
1,5,2
1,1,0
1,2,1
1,1,0
1,0,1
2,1,0
1,0,1
2,1,0
1,0,1
1,1,0
1,2,2
1,0,1
1,1,0
1,0,1
1,2,7
1,1,0
1,0,2
1,1,0
1,0,1
1,2,1
1,2,0
1,1,0
1,5,7
1,0,1
1,0,2
1,1,0
1,0,1
1,1,0
1,1,1
1,3,1
1,14,11
3,1,0
1,1,4
1,1,0
1,1,2
1,0,1
1,1,1
1,0,1
1,4,3
1,2,2
1,1,0
1,0,1
1,4,4
1,1,0
1,4,7
1,1,0
1,0,1
1,1,3
1,0,1
1,0,2
1,1,0
1,0,1
1,1,2
2,1,0
1,4,3
1,0,1
1,1,0
1,0,1
1,20,18
1,0,2
1,3,1
3,0,1
1,1,0
1,0,1
1,1,0
1,4,4
1,1,0
1,1,2
1,1,0
1,0,2
1,4,7
2,2,1
1,0,1
1,1,0
1,1,1
1,1,0
1,3,1
3,1,0
1,0,1
1,1,4
1,0,1
1,2,7
2,0,1
2,1,0
1,0,5
1,0,1
1,4,5
2,0,1
1,2,2
1,2,1
1,4,3
1,0,1
1,1,0
1,2,1
4,1,0
1,1,1
1,0,1
1,25,20
1,1,0
1,2,1
2,1,1
1,1,0
1,5,5
1,0,1
2,1,0
1,1,4
1,0,1
1,1,0
1,1,1
1,0,2
1,1,1
1,1,2
1,1,0
1,0,2
1,0,1
1,1,0
1,1,1
1,1,0
1,4,5
1,2,1
2,1,0
1,3,0
1,2,1
1,0,2
1,0,3
1,1,0
1,3,2
1,113,131
1,0,1
1,4,4
3,0,1
1,4,7
1,1,1
2,0,1
1,6,3
1,0,1
1,1,0
1,0,5
1,1,0
1,0,2
1,4,5
1,1,4
1,3,1
1,0,1
1,33,34
1,2,2
2,1,0
1,1,1
1,1,0
1,5,2
1,3,2
1,0,1
4,1,0
1,2,2
1,2,0
2,1,0
1,0,1
1,6,3
1,5,1
1,1,0
1,0,1
2,1,1
1,2,0
1,1,1
1,0,1
2,1,0
1,3,1
1,38,32
1,0,1
1,1,0
1,8,13
1,0,1
1,0,3
1,1,0
1,4,7
2,0,1
2,1,0
1,1,2
1,0,1
1,1,0
1,0,1
1,4,4
1,1,0
1,4,3
2,1,0
7,0,1
1,1,0
1,0,1
1,14,11
1,3,1
1,7,10
1,0,1
3,1,0
1,0,1
1,1,2
1,1,0
1,0,1
1,6,3
1,0,1
1,5,2
1,0,1
1,2,2
1,1,0
1,0,1
1,1,0
1,0,1
1,1,0
1,0,1
1,1,0
1,2,0
1,0,1
1,1,0
1,0,1
2,1,0
1,9,14
1,0,1
1,5,5
1,0,1
1,1,4
1,5,5
1,3,1
1,0,1
1,49,56
1,1,0
1,4,5
1,1,1
1,5,2
1,0,3
1,38,32
1,0,2
1,1,0
1,0,1
1,1,0
1,0,1
1,1,0
1,7,3
1,0,1
1,3,4
1,1,0
1,5,2
1,1,0
1,0,2
2,1,0
5,0,1
1,1,0
1,3,0
1,0,3
1,1,2
1,0,1
1,1,0
1,1,1
1,1,0
1,1,2
1,1,0
1,2,7
1,0,1
1,1,3
1,5,7
2,0,3
1,0,2
1,0,1
1,5,2
1,0,2
2,1,0
1,4,5
1,1,3
1,1227,1188
2,1,0
1,2,2
1,1,0
2,0,1
1,1,0
1,2,1
1,0,1
1,1,0
2,0,1
1,3,2
1,1,1
1,1,0
1,0,1
1,5,2
1,0,1
1,0,2
1,2,0
1,0,1
1,1,0
1,2,2
1,6,3
1,0,1
1,1,2
1,165,150
1,21,22
1,1,0
1,0,1
1,1,0
1,1,1
2,1,0
1,0,1
1,1,2
1,0,5
2,1,0
1,0,1
1,0,3
1,1,0
2,1,1
1,0,1
1,1,0
2,0,1
1,78,98
3,0,1
1,1,0
1,0,1
1,0,2
1,3,2
1,0,1
1,3,1
1,1,0
1,0,1
1,1,3
1,1,0
2,1,1
1,4,4
1,0,1
1,1,0
1,0,1
1,3,4
3,1,0
1,1,1
1,2,0
1,6,3
1,0,5
1,1,0
1,0,1
1,2,1
1,0,1
1,2,2
1,0,1
1,4,7
1,1,0
1,0,2
1,246,251
3,1,0
2,0,1
1,0,3
1,7,3
1,2,0
1,2,2
1,0,1
3,1,0
1,0,1
1,0,2
1,0,1
1,1,1
2,0,1
2,1,0
1,4,4
1,0,1
1,1,0
1,2,2
1,1,0
1,2,7
1,0,2
1,44,30
1,0,1
2,1,0
1,0,1
1,1,0
1,3,0
1,3,2
1,0,1
1,1,0
1,0,1
1,33,34
1,1,0
1,0,1
1,5,2
1,2,0
1,2,1
1,0,1
1,1,0
2,0,1
1,1,0
1,0,2
1,3,1
1,0,1
1,1,0
4,0,1
1,1,0
1,0,1
1,14,11
1,25,20
1,7,10
1,0,1
1,14,11
3,1,0
4,0,1
1,4,3
1,1,2
1,0,2
1,1,0
1,0,1
1,1,1
1,0,1
4,1,0
1,1309,1364
1,2,0
1,0,1
1,1,1
1,8,13
1,6,3
1,2,0
1,1,0
1,0,1
2,1,0
1,0,5
1,4,4
1,1,0
1,4,3
1,1,0
1,2,2
2,1,0
1,0,1
1,0,2
1,1,0
1,1,1
3,0,1
1,1,0
3,0,1
1,1,0
1,0,1
1,1,0
1,33,34
1,1,1
2,1,0
1,0,2
1,0,1
1,2,0
1,1,0
1,0,1
1,28,24
1,1,0
1,0,2
1,3,2
1,1,0
1,2,2
1,0,1
1,2,1
1,1,0
1,10,9
1,0,1
1,1,0
1,0,1
1,2,0
1,0,1
1,1,1
1,0,1
1,0,3
1,3,0
1,8,13
3,1,0
3,0,1
2,1,0
1,1,1
1,5,2
1,5,5
1,1,0
1,1,1
1,2,0
1,4,4
1,2,1
1,5,5
1,0,1
1,1,2
1,1,1
1,44,30
1,5,2
1,3,1
3,0,1
2,1,0
1,0,5
2,1,0
2,2,1
1,1,0
2,0,1
2,1,0
1,0,1
1,1,0
1,0,2
1,1340,1333
1,0,1
1,1,0
1,0,1
1,1,2
1,0,1
1,5,2
1,1,1
1,8,13
1,3,1
1,2,2
1,118,122
1,12,16
2,1,0
1,1,1
3,0,1
1,1,0
1,0,2
1,1,0
1,2,1
3,0,1
1,1,3
1,12,16
1,0,1
1,1,0
1,2,0
1,1,0
1,0,1
1,4,7
1,3,1
1,1,1
1,3,4
1,0,1
1,1,0
1,0,1
1,1,1
1,34,41
1,1,0
1,8,13
1,1,0
1,0,1
3,1,0
1,0,2
1,5,5
1,0,2
1,2,1
2,1,0
1,0,2
1,16,28
3,0,1
1,9,4
1,0,1
1,2,2
1,28,24
1,0,1
1,1,0
1,2,1
1,1,0
1,0,1
1,10,9
1,0,1
1,3,2
1,0,1
1,0,2
1,1,0
2,0,1
1,3,1
1,1,0
1,3,1
1,0,2
1,1,0
1,0,1
1,1,0
1,3,4
1,0,3
1,0,1
1,1,0
1,0,1
1,1,4
1,1,1
1,2,2
1,5,1
1,1,0
1,246,251
1,4,3
1,0,1
1,2,2
1,4,4
2,0,1
1,1,0
1,28,24
1,0,1
1,1,0
1,2,1
1,3,1
1,0,1
1,1,0
1,1,1
1,0,1
1,16,13
1,2,1
1,1,0
1,0,1
1,0,2
1,5,5
1,0,1
1,68,88
1,1,1
1,1,0
1,0,1
2,1,0
1,0,1
1,1,0
2,1,1
1,7,10
1,3,0
2,1,0
1,1,2
1,4,4
5,0,1
1,1,0
1,0,2
2,1,0
1,5,7
2,0,1
1,1,1
1,3,0
1,1,0
1,2,1
1,0,1
1,0,5
1,4,4
1,0,1
1,1,0
1,1,1
1,1,0
1,4,3
2,1,2
1,10,9
1,1,0
1,2,1
2,0,1
1,2,2
1,1,0
1,1,1
1,1,0
1,0,1
1,1,0
1,2,1
2,0,1
1,2,1
1,0,2
1,1,0
1,1,2
3,0,1
1,12,5
1,1,3
1,2,1
1,0,2
1,5,5
1,0,3
1,7,3
1,4,4
1,5,1
1,0,1
1,1,0
2,0,2
1,4,3
1,1,0
1,0,1
1,2,2
1,4,3
1,0,5
1,10,9
1,0,1
3,1,0
1,5,2
1,1,0
4,0,1
2,1,0
1,0,1
1,2,2
1,72,64
1,1,2
2,1,0
1,0,1
1,2,7
1,1,0
1,0,2
1,1,0
1,0,1
4,1,0
1,1,2
1,1,0
1,7,3
1,0,2
1,25,20
1,33,34
1,1,0
1,16,13
5,1,0
2,0,1
1,5,5
1,2,2
1,1,1
1,1,0
1,3,1
1,0,1
1,1,1
4,1,0
1,1,2
1,1,1
1,2,2
1,4,3
1,0,2
1,0,1
1,2,1
4,0,1
1,6,3
1,2,2
1,25,20
1,0,1
1,1,0
1,0,1
1,117,98
1,2,0
1,1,0
1,1,1
2,0,1
1,2,1
1,1,0
1,0,2
1,1,0
1,0,1
1,1,0
1,0,3
1,1,0
1,205,196
1,68,88
1,1,0
1,2,0
1,3,1
1,68,88
1,2,0
4,1,0
1,5,1
1,1,2
1,0,1
1,0,3
2,0,1
1,1,0
1,12,5
4,0,1
1,1,0
1,1,3
2,0,1
1,2,2
1,0,1
1,4,5
1,1,0
1,0,1
1,4,3
1,1,0
1,0,1
1,14,11
2,1,0
1,0,1
1,1,0
2,0,1
1,5,1
1,0,1
2,1,1
1,1,0
1,0,1
2,1,0
1,0,1
1,1,3
2,1,0
1,165,150
3,0,1
1,1,0
1,1,1
1,0,2
1,0,1
1,7,3
1,1,0
1,1,4
1,3,1
1,1,0
1,0,1
3,1,0
1,0,1
1,1,1
1,5,5
1,2,1
1,2,0
2,1,0
1,1,2
1,4,3
1,1,0
1,7,10
1,4,4
1,2,1
4,0,1
1,1,0
1,3,1
2,1,0
1,1,1
1,3,1
1,1,1
1,5,2
1,3,1
1,0,3
1,5,5
1,0,5
1,1,1
1,2,1
1,3,4
1,1,2
1,18,14
1,0,1
1,3,4
1,1,0
1,2,0
4,0,1
1,1,0
1,0,1
1,5,1
1,1,0
1,1,2
1,1,0
1,12,5
1,1,0
1,0,1
1,544,560
1,21,22
1,1,0
1,6,3
1,1,0
1,3,0
2,1,0
1,1,1
1,2,1
2,1,0
1,0,1
3,1,0
1,8,13
1,0,1
1,0,2
1,1,0
1,3,4
1,4,4
1,0,2
1,0,3
1,1,0
1,0,1
3,1,0
1,0,1
1,1,0
1,0,1
1,2,1
1,0,1
1,1,2
1,0,2
1,544,560
1,1,0
1,2,2
2,0,1
1,1,0
